Group,Experiment_Params,Feature_Count,Features
group_10,pearson_t0.15_c0.95,7,"ac_current, poa_irradiance, module_temp_3, inverter_temp, ac_voltage, dc_pos_voltage, ambient_temp"
group_10,pearson_t0.5_c0.75,2,"ac_current, module_temp_3"
group_10,spearman_t0.15_c0.9,5,"dc_pos_current, module_temp_3, ac_voltage, dc_pos_voltage, das_temp"
group_10,spearman_t0.1_c0.9,5,"dc_pos_current, module_temp_3, ac_voltage, dc_pos_voltage, das_temp"
group_10,spearman_t0.25_c0.85,5,"dc_pos_current, module_temp_3, ac_voltage, dc_pos_voltage, das_battery_voltage"
group_10,spearman_t0.2_c0.8,5,"dc_pos_current, module_temp_3, ac_voltage, dc_pos_voltage, das_temp"
group_10,spearman_t0.3_c1.0,13,"ac_current, poa_irradiance, ac_power, dc_pos_current, dc_pos_voltage, module_temp_2, module_temp_3, module_temp_1, ac_voltage, inverter_temp, das_temp, ambient_temp, das_battery_voltage"
group_10,spearman_t0.45_c0.75,3,"ac_power, module_temp_3, ac_voltage"
group_1200,pearson_t0.15_c0.95,9,"inv3_dc_power, inv4_temp, module_temp_C, wind_speed_mph, ambient_temp_C, inv5_dc_voltage, inv1_dc_voltage, inv2_dc_voltage, inv4_dc_voltage"
group_1200,pearson_t0.5_c0.75,1,inv3_dc_power
group_1200,spearman_t0.15_c0.9,4,"inv3_dc_power, inv4_temp, module_temp_C, wind_speed_mph"
group_1200,spearman_t0.1_c0.9,5,"inv3_dc_power, inv1_temp, module_temp_C, wind_speed_mph, inv2_dc_voltage"
group_1200,spearman_t0.25_c0.85,3,"inv3_dc_power, module_temp_C, wind_speed_mph"
group_1200,spearman_t0.2_c0.8,4,"inv3_dc_power, module_temp_C, wind_speed_mph, inv4_dc_voltage"
group_1200,spearman_t0.3_c1.0,26,"inv3_dc_power, inv3_ac_power, inv1_dc_power, inv1_ac_power, inv6_dc_power, inv6_ac_power, inv3_dc_current, inv2_dc_power, inv2_ac_power, inv1_dc_current, inv6_dc_current, inv2_dc_current, inv4_dc_current, inv5_dc_power, inv5_ac_power, inv4_ac_power, inv4_dc_power, inv5_dc_current, poa_irradiance, inv2_temp, inv6_temp, inv3_temp, inv4_temp, inv1_temp, inv5_temp, module_temp_C"
group_1200,spearman_t0.45_c0.75,2,"inv3_dc_power, module_temp_C"
group_1276_1277,pearson_t0.15_c0.95,9,"ac_power_W, poa_irradiance, power_factor, module_temp_C, ac_voltage, ambient_temp_C, inverter_temp, input_voltage, relative_humidity"
group_1276_1277,pearson_t0.5_c0.75,2,"ac_power_W, power_factor"
group_1276_1277,spearman_t0.15_c0.9,7,"ac_power_W, power_factor, module_temp_C, ac_voltage, ambient_temp_C, input_voltage, relative_humidity"
group_1276_1277,spearman_t0.1_c0.9,9,"ac_power_W, power_factor, module_temp_C, ac_voltage, ambient_temp_C, inverter_temp, wind_speed_ms, input_voltage, relative_humidity"
group_1276_1277,spearman_t0.25_c0.85,5,"ac_power_W, power_factor, module_temp_C, ac_voltage, input_voltage"
group_1276_1277,spearman_t0.2_c0.8,6,"ac_power_W, power_factor, module_temp_C, ac_voltage, relative_humidity, input_voltage"
group_1276_1277,spearman_t0.3_c1.0,6,"ac_power_W, ac_current, input_current, poa_irradiance, power_factor, module_temp_C"
group_1276_1277,spearman_t0.45_c0.75,3,"ac_power_W, power_factor, module_temp_C"
group_33,pearson_t0.15_c0.95,7,"ac_power, poa_irradiance, module_temp_2, power_factor, ac_voltage, das_temp, ambient_temp"
group_33,pearson_t0.5_c0.75,2,"ac_power, ac_voltage"
group_33,spearman_t0.15_c0.9,5,"dc_pos_current, module_temp_2, das_temp, ac_voltage, dc_pos_voltage"
group_33,spearman_t0.1_c0.9,5,"ac_power, module_temp_2, poa_irradiance, ac_voltage, das_temp"
group_33,spearman_t0.25_c0.85,5,"ac_power, module_temp_2, poa_irradiance, ac_voltage, das_temp"
group_33,spearman_t0.2_c0.8,4,"ac_power, poa_irradiance, ac_voltage, das_temp"
group_33,spearman_t0.3_c1.0,11,"dc_pos_current, poa_irradiance, dc_pos_voltage, ac_current, ac_power, module_temp_1, module_temp_3, module_temp_2, power_factor, das_temp, das_battery_voltage"
group_33,spearman_t0.45_c0.75,3,"ac_power, ac_voltage, das_temp"
group_34_35,pearson_t0.15_c0.95,8,"ac_power_W, poa_irradiance, module_temp_C, inverter_temp, ambient_temp_C, power_factor, relative_humidity, dc_voltage"
group_34_35,pearson_t0.5_c0.75,2,"ac_power_W, module_temp_C"
group_34_35,spearman_t0.15_c0.9,7,"ac_power_W, module_temp_C, power_factor, ambient_temp_C, inverter_temp, dc_voltage, relative_humidity"
group_34_35,spearman_t0.1_c0.9,7,"ac_power_W, module_temp_C, power_factor, ambient_temp_C, inverter_temp, relative_humidity, dc_voltage"
group_34_35,spearman_t0.25_c0.85,5,"ac_power_W, power_factor, module_temp_C, relative_humidity, dc_voltage"
group_34_35,spearman_t0.2_c0.8,5,"ac_power_W, power_factor, module_temp_C, relative_humidity, dc_voltage"
group_34_35,spearman_t0.3_c1.0,7,"ac_power_W, ac_current, dc_current, poa_irradiance, module_temp_C, power_factor, relative_humidity"
group_34_35,spearman_t0.45_c0.75,3,"ac_power_W, power_factor, module_temp_C"
group_36,pearson_t0.15_c0.95,7,"dc_current, Module10NW_Temp, ac_voltage, module8_temp_Bot, poa_irradiance_2, das_temp, ambient_temp"
group_36,pearson_t0.5_c0.75,3,"dc_current, module8_temp_Bot, poa_irradiance_2"
group_36,spearman_t0.15_c0.9,7,"dc_current, Module10NW_Temp, ac_voltage, module8_temp_Bot, poa_irradiance_2, das_temp, ambient_temp"
group_36,spearman_t0.1_c0.9,7,"dc_current, Module10NW_Temp, ac_voltage, module8_temp_Bot, poa_irradiance_2, das_temp, ambient_temp"
group_36,spearman_t0.25_c0.85,5,"dc_current, Module10NW_Temp, ac_voltage, poa_irradiance_2, das_temp"
group_36,spearman_t0.2_c0.8,5,"dc_current, Module5SE_Temp, ac_voltage, poa_irradiance_2, das_temp"
group_36,spearman_t0.3_c1.0,26,"dc_current, ac_current, module_current_6, ac_power, module_current_4, module_current_7, module_current_5, module_current_8, module_current_2, module_current_3, module_current_9, module_current_10, module_current_1, poa_irradiance_1, Module10NW_Temp, Module1SW_Temp, Module3_Temp, module8_temp_Mid, module8_temp_Top, Module6NE_Temp, Module5SE_Temp, ac_voltage, module8_temp_Bot, poa_irradiance_2, das_temp, inv_temp"
group_36,spearman_t0.45_c0.75,3,"dc_current, module8_temp_Bot, poa_irradiance_2"
group_50_51,pearson_t0.15_c0.95,6,"ac_current, poa_irradiance, inveter_temp, module_temp_3, inverter_temp_2, ambient_temp"
group_50_51,pearson_t0.5_c0.75,1,ac_current
group_50_51,spearman_t0.15_c0.9,6,"ac_current, inveter_temp, module_temp_3, ac_volts, inverter_temp_2, module_temp_1"
group_50_51,spearman_t0.1_c0.9,7,"ac_current, inveter_temp, module_temp_3, ac_volts, inverter_temp_2, module_temp_1, dc_neg_voltage"
group_50_51,spearman_t0.25_c0.85,3,"ac_current, inveter_temp, module_temp_3"
group_50_51,spearman_t0.2_c0.8,4,"ac_current, inveter_temp, module_temp_3, ac_volts"
group_50_51,spearman_t0.3_c1.0,9,"dc_neg_current, dc_pos_current, ac_current, poa_irradiance, dc_pos_voltage, dc_neg_voltage, ac_power, inveter_temp, module_temp_3"
group_50_51,spearman_t0.45_c0.75,1,ac_current
group_base_4_1283_1289,pearson_t0.15_c0.95,7,"ac_power, module_temp_1, ac_current, ac_voltage, das_temp, dc_pos_voltage, ambient_temp"
group_base_4_1283_1289,pearson_t0.5_c0.75,3,"ac_power, module_temp_1, ac_voltage"
group_base_4_1283_1289,spearman_t0.15_c0.9,7,"dc_pos_current, module_temp_1, ac_voltage, ac_current, dc_pos_voltage, das_temp, ambient_temp"
group_base_4_1283_1289,spearman_t0.1_c0.9,7,"dc_pos_current, module_temp_1, ac_voltage, ac_current, das_temp, dc_pos_voltage, ambient_temp"
group_base_4_1283_1289,spearman_t0.25_c0.85,5,"ac_power, ac_voltage, module_temp_1, ac_current, dc_pos_voltage"
group_base_4_1283_1289,spearman_t0.2_c0.8,6,"ac_power, ac_voltage, module_temp_1, ac_current, dc_pos_voltage, ambient_temp"
group_base_4_1283_1289,spearman_t0.3_c1.0,8,"dc_pos_current, poa_irradiance, ac_power, dc_pos_voltage, module_temp_1, ac_current, das_temp, ac_voltage"
group_base_4_1283_1289,spearman_t0.45_c0.75,3,"ac_power, module_temp_1, ac_voltage"
