system_id,system_name,sensor_name,unit,common_name
10,DC power,dc_power,W,DC power
10,DC power,ac_power,W,AC power
10,DC power,ac_current,A,AC current
10,DC power,ac_voltage,V,AC voltage
10,DC power,dc_pos_current,A,DC current
10,DC power,das_battery_voltage,V,DC voltage battery
10,DC power,poa_irradiance,W/m^2,Irradiance POA
10,DC power,ambient_temp,C,Temperature ambient
10,DC power,module_temp_1,C,Temperature module
10,DC power,module_temp_2,C,Temperature module
10,DC power,module_temp_3,C,Temperature module
10,DC power,inverter_temp,C,Temperature inverter
10,DC power,dc_pos_voltage,V,DC voltage
10,DC power,das_temp,C,Temperature panel
1199,AC power,ac_power,W,AC power
1199,AC power,dc_power,W,DC power
1199,AC power,inv1_ac_power,W,AC power
1199,AC power,inv1_dc_power,W,DC power
1199,AC power,inv2_ac_power,W,AC power
1199,AC power,inv2_dc_power,W,DC power
1199,AC power,inv3_ac_power,W,AC power
1199,AC power,inv3_dc_power,W,DC power
1199,AC power,inv4_ac_power,W,AC power
1199,AC power,inv4_dc_power,W,DC power
1199,AC power,inv5_ac_power,W,AC power
1199,AC power,inv5_dc_power,W,DC power
1199,AC power,inv6_ac_power,W,AC power
1199,AC power,inv6_dc_power,W,DC power
1199,AC power,inv7_ac_power,W,AC power
1199,AC power,inv7_dc_power,W,DC power
1199,AC power,inv1_dc_current,A,DC current
1199,AC power,inv2_dc_current,A,DC current
1199,AC power,inv3_dc_current,A,DC current
1199,AC power,inv4_dc_current,A,DC current
1199,AC power,inv5_dc_current,A,DC current
1199,AC power,inv6_dc_current,A,DC current
1199,AC power,inv7_dc_current,A,DC current
1199,AC power,inv1_temp,C,Temperature inverter
1199,AC power,inv2_temp,C,Temperature inverter
1199,AC power,inv3_temp,C,Temperature inverter
1199,AC power,inv5_temp,C,Temperature inverter
1199,AC power,inv6_temp,C,Temperature inverter
1199,AC power,inv1_dc_voltage,V,DC voltage
1199,AC power,inv2_dc_voltage,V,DC voltage
1199,AC power,inv3_dc_voltage,V,DC voltage
1199,AC power,inv4_dc_voltage,V,DC voltage
1199,AC power,inv5_dc_voltage,V,DC voltage
1199,AC power,inv6_dc_voltage,V,DC voltage
1199,AC power,inv7_dc_voltage,V,DC voltage
1199,AC power,inv4_dc_temp,C,Temperature other
1199,AC power,inv7_temp,C,Temperature other
1200,AC power,ac_power,W,AC power
1200,AC power,dc_power,W,DC power
1200,AC power,inv1_ac_power,W,AC power
1200,AC power,inv1_dc_power,W,DC power
1200,AC power,inv2_ac_power,W,AC power
1200,AC power,inv2_dc_power,W,DC power
1200,AC power,inv3_ac_power,W,AC power
1200,AC power,inv3_dc_power,W,DC power
1200,AC power,inv4_ac_power,W,AC power
1200,AC power,inv4_dc_power,W,DC power
1200,AC power,inv5_ac_power,W,AC power
1200,AC power,inv5_dc_power,W,DC power
1200,AC power,inv6_ac_power,W,AC power
1200,AC power,inv6_dc_power,W,DC power
1200,AC power,inv1_dc_current,A,DC current
1200,AC power,inv2_dc_current,A,DC current
1200,AC power,inv3_dc_current,A,DC current
1200,AC power,inv4_dc_current,A,DC current
1200,AC power,inv5_dc_current,A,DC current
1200,AC power,inv6_dc_current,A,DC current
1200,AC power,ac_power_metered_kW,W,AC power
1200,AC power,ac_frequency,Hz,AC other
1200,AC power,poa_irradiance,W/m^2,Irradiance POA
1200,AC power,module_temp_F,C,Temperature module
1200,AC power,ambient_temp_F,C,Temperature ambient
1200,AC power,inv1_temp,C,Temperature inverter
1200,AC power,inv2_temp,C,Temperature inverter
1200,AC power,inv3_temp,C,Temperature inverter
1200,AC power,inv4_temp,C,Temperature inverter
1200,AC power,inv5_temp,C,Temperature inverter
1200,AC power,inv6_temp,C,Temperature inverter
1200,AC power,inv1_dc_voltage,V,DC voltage
1200,AC power,inv2_dc_voltage,V,DC voltage
1200,AC power,inv3_dc_voltage,V,DC voltage
1200,AC power,inv4_dc_voltage,V,DC voltage
1200,AC power,inv5_dc_voltage,V,DC voltage
1200,AC power,inv6_dc_voltage,V,DC voltage
1200,AC power,power_factor,-,AC other
1200,AC power,wind_speed_mph,m/s,Wind speed
1201,DC power,dc_power_hW,W,DC power
1201,DC power,ac_power_hW,W,AC power
1201,DC power,ac_current,A,AC current
1201,DC power,dc_current,A,DC current
1201,DC power,power_factor,-,AC other
1201,DC power,ac_voltage,V,AC voltage
1201,DC power,poa_irradiance,W/m^2,Irradiance POA
1201,DC power,module_temp_K,C,Temperature module
1201,DC power,ambient_temp_K,C,Temperature ambient
1201,DC power,inverter_temp,C,Temperature inverter
1201,DC power,dc_voltage,V,DC voltage
1201,DC power,inverter_error_code,-,System status
1201,DC power,wind_speed,m/s,Wind speed
1202,AC power,inv1_ac_power,W,AC power
1202,AC power,inv1_dc_power,W,DC power
1202,AC power,inv2_ac_power,W,AC power
1202,AC power,inv2_dc_power,W,DC power
1202,AC power,inv3_ac_power,W,AC power
1202,AC power,inv3_dc_power,W,DC power
1202,AC power,inv4_ac_power,W,AC power
1202,AC power,inv4_dc_power,W,DC power
1202,AC power,inv5_ac_power,W,AC power
1202,AC power,inv5_dc_power,W,DC power
1202,AC power,inv6_ac_power,W,AC power
1202,AC power,inv6_dc_power,W,DC power
1202,AC power,ac_power,W,AC power
1202,AC power,dc_power,W,DC power
1202,AC power,ac_current,A,AC current
1202,AC power,inv1_dc_current,A,DC current
1202,AC power,inv2_dc_current,A,DC current
1202,AC power,inv3_dc_current,A,DC current
1202,AC power,inv4_dc_current,A,DC current
1202,AC power,inv5_dc_current,A,DC current
1202,AC power,inv6_dc_current,A,DC current
1202,AC power,ac_power_metered_kW,W,AC power
1202,AC power,ac_voltage,V,AC voltage
1202,AC power,poa_irradiance,W/m^2,Irradiance POA
1202,AC power,module_temp_K,C,Temperature module
1202,AC power,ambient_temp_K,C,Temperature ambient
1202,AC power,inv1_temp,C,Temperature inverter
1202,AC power,inv2_temp,C,Temperature inverter
1202,AC power,inv3_temp,C,Temperature inverter
1202,AC power,inv4_temp,C,Temperature inverter
1202,AC power,inv5_temp,C,Temperature inverter
1202,AC power,inv6_temp,C,Temperature inverter
1202,AC power,inv1_dc_voltage,V,DC voltage
1202,AC power,inv2_dc_voltage,V,DC voltage
1202,AC power,inv3_dc_voltage,V,DC voltage
1202,AC power,inv4_dc_voltage,V,DC voltage
1202,AC power,inv5_dc_voltage,V,DC voltage
1202,AC power,inv6_dc_voltage,V,DC voltage
1202,AC power,power_factor,-,AC other
1202,AC power,wind_speed,m/s,Wind speed
1203,AC power,ac_power,W,AC power
1203,AC power,dc_power,W,DC power
1203,AC power,inv1_ac_power_hW,W,AC power
1203,AC power,inv1_dc_power_hW,W,DC power
1203,AC power,inv2_ac_power_hW,W,AC power
1203,AC power,inv2_dc_power_hW,W,DC power
1203,AC power,ac_inverter_power,W,AC power
1203,AC power,inv1_ac_current,A,AC current
1203,AC power,inv2_ac_current,A,AC current
1203,AC power,ac_meter_1_power_kW,W,AC power
1203,AC power,ac_meter_2_power_kW,W,AC power
1203,AC power,inv1_power_factor,-,AC other
1203,AC power,inv2_power_factor,-,AC other
1203,AC power,inv1_ac_voltage,V,AC voltage
1203,AC power,inv2_ac_voltage,V,AC voltage
1203,AC power,gh_irradiance,W/m^2,Irradiance GHI
1203,AC power,module_temp_F,C,Temperature module
1203,AC power,ambient_temp_F,C,Temperature ambient
1203,AC power,inv1_temp,C,Temperature inverter
1203,AC power,inv2_temp,C,Temperature inverter
1203,AC power,relative_humidity,%,Humidity
1203,AC power,inv1_error_code,-,System status
1203,AC power,inv2_error_code,-,System status
1204,AC power,inv1_ac_power,W,AC power
1204,AC power,inv1_dc_power,W,DC power
1204,AC power,inv2_ac_power,W,AC power
1204,AC power,inv2_dc_power,W,DC power
1204,AC power,inv3_ac_power,W,AC power
1204,AC power,inv3_dc_power,W,DC power
1204,AC power,inv4_ac_power,W,AC power
1204,AC power,inv4_dc_power,W,DC power
1204,AC power,inv5_ac_power,W,AC power
1204,AC power,inv5_dc_power,W,DC power
1204,AC power,inv6_ac_power,W,AC power
1204,AC power,inv6_dc_power,W,DC power
1204,AC power,inv7_ac_power,W,AC power
1204,AC power,inv7_dc_power,W,DC power
1204,AC power,inv8_ac_power,W,AC power
1204,AC power,inv8_dc_power,W,DC power
1204,AC power,inv9_ac_power,W,AC power
1204,AC power,inv9_dc_power,W,DC power
1204,AC power,ac_power,W,AC power
1204,AC power,dc_power,W,DC power
1204,AC power,inv1_dc_current,A,DC current
1204,AC power,inv2_dc_current,A,DC current
1204,AC power,inv3_dc_current,A,DC current
1204,AC power,inv4_dc_current,A,DC current
1204,AC power,inv5_dc_current,A,DC current
1204,AC power,inv6_dc_current,A,DC current
1204,AC power,inv7_dc_current,A,DC current
1204,AC power,inv8_dc_current,A,DC current
1204,AC power,inv9_dc_current,A,DC current
1204,AC power,poa_irradiance,W/m^2,Irradiance POA
1204,AC power,module_temp,C,Temperature module
1204,AC power,ambient_temp,C,Temperature ambient
1204,AC power,inv1_dc_voltage,V,DC voltage
1204,AC power,inv2_dc_voltage,V,DC voltage
1204,AC power,inv3_dc_voltage,V,DC voltage
1204,AC power,inv4_dc_voltage,V,DC voltage
1204,AC power,inv5_dc_voltage,V,DC voltage
1204,AC power,inv6_dc_voltage,V,DC voltage
1204,AC power,inv7_dc_voltage,V,DC voltage
1204,AC power,inv8_dc_voltage,V,DC voltage
1204,AC power,inv9_dc_voltage,V,DC voltage
1204,AC power,wind_speed_mph,m/s,Wind speed
1207,DC power,dc_power,W,DC power
1207,DC power,poa_irradiance,W/m^2,Irradiance POA
1207,DC power,module_temp,C,Temperature module
1207,DC power,dc_power_A1,-,DC power
1207,DC power,dc_power_A2,-,DC power
1207,DC power,dc_power_B1,-,DC power
1207,DC power,dc_power_B2,-,DC power
1207,DC power,dc_power_C1,-,DC power
1207,DC power,dc_power_C2,-,DC power
1207,DC power,poa_irradiance_cs300_1,W/m^2,Irradiance POA
1207,DC power,poa_irradiance_cs300_2,W/m^2,Irradiance POA
1207,DC power,poa_irradiance_lp02_2,W/m^2,Irradiance POA
1207,DC power,direct_normal_dr01,-,Irradiance DNI
1207,DC power,dc_voltage_A,-,DC voltage
1207,DC power,dc_voltage_B,-,DC voltage
1207,DC power,dc_voltage_C,-,DC voltage
1208,DC power,inv1_dc_power,W,DC power
1208,DC power,inv2_dc_power,W,DC power
1208,DC power,dc_power,W,DC power
1208,DC power,ac_power_metered_1_2,W,AC power
1208,DC power,inv1_dc_current,A,DC current
1208,DC power,inv2_dc_current,A,DC current
1208,DC power,ac_power_metered_kW,W,AC power
1208,DC power,ac_meter_1_power_kW,W,AC power
1208,DC power,ac_meter_2_power_kW,W,AC power
1208,DC power,inv1_ac_power_kW,W,AC power
1208,DC power,inv2_ac_power_kW,W,AC power
1208,DC power,inv1_temp,C,Temperature inverter
1208,DC power,inv2_temp,C,Temperature inverter
1208,DC power,inv1_dc_voltage,V,DC voltage
1208,DC power,inv2_dc_voltage,V,DC voltage
1214,AC current other,A_avg,A,AC current other
1214,AC current other,PPV_avg,V,AC voltage
1214,AC current other,W_avg,W,AC power
1214,AC current other,Wh_sum,kWh,AC energy
1216,AC current other,A_avg,A,AC current other
1216,AC current other,Wh_n_sum,kWh,AC other
1216,AC current other,W_n_avg,W,AC other
1217,AC current other,A_avg,A,AC current other
1217,AC current other,PPV_avg,V,AC voltage
1217,AC current other,W_avg,W,AC power
1217,AC current other,Wh_sum,kWh,AC energy
1217,AC current other,module_temp_2,C,Temperature module
1218,AC current other,A_avg,A,AC current other
1218,AC current other,Wh_n_sum,kWh,AC other
1218,AC current other,W_n_avg,W,AC other
1218,AC current other,module_temp_3,C,Temperature module
1219,AC current other,A_avg,A,AC current other
1219,AC current other,PPV_avg,V,AC voltage
1219,AC current other,W_avg,W,AC power
1219,AC current other,Wh_sum,kWh,AC energy
1220,AC current other,A_avg,A,AC current other
1220,AC current other,Wh_n_sum,kWh,AC other
1220,AC current other,W_n_avg,W,AC other
1221,AC current other,A_avg,A,AC current other
1221,AC current other,PPV_avg,V,AC voltage
1221,AC current other,W_avg,W,AC power
1221,AC current other,Wh_sum,kWh,AC energy
1222,AC current other,A_avg,A,AC current other
1222,AC current other,W_n_avg,W,AC other
1222,AC current other,Wh_n_sum,kWh,AC other
1223,AC current other,A_avg,A,AC current other
1223,AC current other,PPV_avg,V,AC voltage
1223,AC current other,W_avg,W,AC power
1223,AC current other,Wh_sum,kWh,AC energy
1224,AC current other,A_avg,A,AC current other
1224,AC current other,W_n_avg,W,AC other
1224,AC current other,Wh_n_sum,kWh,AC other
1225,AC current other,A_avg,A,AC current other
1225,AC current other,PPV_avg,V,AC voltage
1225,AC current other,W_avg,W,AC power
1225,AC current other,Wh_sum,kWh,AC energy
1226,AC current other,A_avg,A,AC current other
1226,AC current other,W_n_avg,W,AC other
1226,AC current other,Wh_n_sum,kWh,AC other
1228,Temperature module,module_temp_5,C,Temperature module
1228,Temperature module,module_temp_6,C,Temperature module
1228,Temperature module,module_temp_7,C,Temperature module
1228,Temperature module,module_temp_8,C,Temperature module
1228,Temperature module,module_temp_9,C,Temperature module
1228,Temperature module,module_temp_10,C,Temperature module
1228,Temperature module,module_temp_11,C,Temperature module
1228,Temperature module,module_temp_12,C,Temperature module
1228,Temperature module,module_temp_13,C,Temperature module
1228,Temperature module,module_temp_1,C,Temperature module
1228,Temperature module,module_temp_2,C,Temperature module
1228,Temperature module,module_temp_3,C,Temperature module
1228,Temperature module,module_temp_4,C,Temperature module
1229,DC power,dc_power,W,DC power
1229,DC power,poa_irradiance_south_array,W/m^2,Irradiance POA
1229,DC power,poa_irradiance_west_array,W/m^2,Irradiance POA
1229,DC power,poa_irradiance,W/m^2,Irradiance POA
1229,DC power,gh_irradiance,W/m^2,Irradiance GHI
1229,DC power,module_temp_south_F,C,Temperature module
1229,DC power,module_temp_west_F,C,Temperature module
1229,DC power,relative_humidity,-,Humidity
1229,DC power,dc_voltage,V,DC voltage
1229,DC power,wind_speed_mph,m/s,Wind speed
1230,DC power,dc_power,W,DC power
1230,DC power,poa_irradiance,W/m^2,Irradiance POA
1230,DC power,ambient_temp_1_F,C,Temperature ambient
1230,DC power,ambient_temp_2_F,C,Temperature ambient
1230,DC power,relative_humidity,-,Humidity
1231,AC power,ac_power,W,AC power
1231,AC power,poa_irradiance,W/m^2,Irradiance POA
1231,AC power,gh_irradiance,W/m^2,Irradiance GHI
1231,AC power,ambient_temp_F,C,Temperature ambient
1239,AC power,ac_power_metered_kW,W,AC power
1239,AC power,total_energy_kWh,kWh,AC energy
1239,AC power,poa_irradiance,W/m^2,Irradiance POA
1239,AC power,module_temp_F,C,Temperature module
1239,AC power,ambient_temp_F,C,Temperature ambient
1239,AC power,relative_humidity,%,Humidity
1239,AC power,wind_speed_mph,m/s,Wind speed
1239,AC power,wind_direction,degrees,Wind direction
1244,AC current other,A_avg,A,AC current other
1244,AC current other,PPV_avg,V,AC voltage
1244,AC current other,W_avg,W,AC power
1244,AC current other,Wh_sum,kWh,AC energy
1245,AC current other,A_avg,A,AC current other
1245,AC current other,PPV_avg,V,AC voltage
1245,AC current other,W_avg,W,AC power
1245,AC current other,Wh_sum,kWh,AC energy
1246,AC current other,A_avg,A,AC current other
1246,AC current other,PPV_avg,V,AC voltage
1246,AC current other,W_avg,W,AC power
1246,AC current other,Wh_sum,kWh,AC energy
1248,AC current other,A_avg,A,AC current other
1248,AC current other,PPV_avg,V,AC voltage
1248,AC current other,W_avg,W,AC power
1248,AC current other,Wh_sum,kWh,AC energy
1249,AC current other,A_avg,A,AC current other
1249,AC current other,PPV_avg,V,AC voltage
1249,AC current other,W_avg,W,AC power
1249,AC current other,Wh_sum,kWh,AC energy
1250,AC current other,A_avg,A,AC current other
1250,AC current other,PPV_avg,V,AC voltage
1250,AC current other,W_avg,W,AC power
1250,AC current other,Wh_sum,kWh,AC energy
1251,AC current,ac_current,A,AC current
1251,AC current,ac_power_kW,W,AC power
1251,AC current,ac_voltage,V,AC voltage
1251,AC current,energy,-,AC energy
1252,AC current other,A_avg,A,AC current other
1252,AC current other,PPV_avg,V,AC voltage
1252,AC current other,W_avg,W,AC power
1252,AC current other,Wh_sum,kWh,AC energy
1253,AC current other,A_avg,A,AC current other
1253,AC current other,PPV_avg,V,AC voltage
1253,AC current other,W_avg,W,AC power
1253,AC current other,Wh_sum,kWh,AC energy
1254,AC current other,A_avg,A,AC current other
1254,AC current other,PPV_avg,V,AC voltage
1254,AC current other,W_avg,W,AC power
1254,AC current other,Wh_sum,kWh,AC energy
1255,AC current other,A_avg,A,AC current other
1255,AC current other,PPV_avg,V,AC voltage
1255,AC current other,W_avg,W,AC power
1255,AC current other,Wh_sum,kWh,AC energy
1256,AC current other,A_avg,A,AC current other
1256,AC current other,PPV_avg,V,AC voltage
1256,AC current other,W_avg,W,AC power
1256,AC current other,Wh_sum,kWh,AC energy
1257,AC current other,A_avg,A,AC current other
1257,AC current other,PPV_avg,V,AC voltage
1257,AC current other,W_avg,W,AC power
1257,AC current other,Wh_sum,kWh,AC energy
1258,AC current other,A_avg,A,AC current other
1258,AC current other,PPV_avg,V,AC voltage
1258,AC current other,W_avg,W,AC power
1258,AC current other,Wh_sum,kWh,AC energy
1259,AC current other,A_avg,A,AC current other
1259,AC current other,PPV_avg,V,AC voltage
1259,AC current other,W_avg,W,AC power
1259,AC current other,Wh_sum,kWh,AC energy
1260,AC current other,A_avg,A,AC current other
1260,AC current other,PPV_avg,V,AC voltage
1260,AC current other,W_avg,W,AC power
1260,AC current other,Wh_sum,kWh,AC energy
1261,AC current other,A_avg,A,AC current other
1261,AC current other,PPV_avg,V,AC voltage
1261,AC current other,W_avg,W,AC power
1261,AC current other,Wh_sum,kWh,AC energy
1262,AC current other,A_avg,A,AC current other
1262,AC current other,PPV_avg,V,AC voltage
1262,AC current other,W_avg,W,AC power
1262,AC current other,Wh_sum,kWh,AC energy
1263,AC current other,A_avg,A,AC current other
1263,AC current other,PPV_avg,V,AC voltage
1263,AC current other,W_avg,W,AC power
1263,AC current other,Wh_sum,kWh,AC energy
1264,AC current other,A_avg,A,AC current other
1264,AC current other,PPV_avg,V,AC voltage
1264,AC current other,W_avg,W,AC power
1264,AC current other,Wh_sum,kWh,AC energy
1265,AC current other,A_avg,A,AC current other
1265,AC current other,PPV_avg,V,AC voltage
1265,AC current other,W_avg,W,AC power
1265,AC current other,Wh_sum,kWh,AC energy
1266,AC current other,A_avg,A,AC current other
1266,AC current other,PPV_avg,V,AC voltage
1266,AC current other,W_avg,W,AC power
1266,AC current other,Wh_sum,kWh,AC energy
1267,AC current other,A_avg,A,AC current other
1267,AC current other,PPV_avg,V,AC voltage
1267,AC current other,W_avg,W,AC power
1267,AC current other,Wh_sum,kWh,AC energy
1268,AC current other,A_avg,A,AC current other
1268,AC current other,PPV_avg,V,AC voltage
1268,AC current other,W_avg,W,AC power
1268,AC current other,Wh_sum,kWh,AC energy
1269,AC current other,A_avg,A,AC current other
1269,AC current other,PPV_avg,V,AC voltage
1269,AC current other,W_avg,W,AC power
1269,AC current other,Wh_sum,kWh,AC energy
1270,AC current other,A_avg,A,AC current other
1270,AC current other,PPV_avg,V,AC voltage
1270,AC current other,W_avg,W,AC power
1270,AC current other,Wh_sum,kWh,AC energy
1271,AC current other,A_avg,A,AC current other
1271,AC current other,PPV_avg,V,AC voltage
1271,AC current other,W_avg,W,AC power
1271,AC current other,Wh_sum,kWh,AC energy
1272,AC current other,A_avg,A,AC current other
1272,AC current other,PPV_avg,V,AC voltage
1272,AC current other,W_avg,W,AC power
1272,AC current other,Wh_sum,kWh,AC energy
1273,AC current other,A_avg,A,AC current other
1273,AC current other,PPV_avg,V,AC voltage
1273,AC current other,W_avg,W,AC power
1273,AC current other,Wh_sum,kWh,AC energy
1274,AC current other,A_avg,A,AC current other
1274,AC current other,PPV_avg,V,AC voltage
1274,AC current other,W_avg,W,AC power
1274,AC current other,Wh_sum,kWh,AC energy
1275,AC current,ac_current,A,AC current
1275,AC current,ac_power_metered_kW,W,AC power
1275,AC current,ac_voltage,V,AC voltage
1276,DC power,dc_power_hW,W,DC power
1276,DC power,ac_power_hW,W,AC power
1276,DC power,ac_current,A,AC current
1276,DC power,power_factor,-,AC other
1276,DC power,ac_voltage,V,AC voltage
1276,DC power,poa_irradiance,W/m^2,Irradiance POA
1276,DC power,module_temp_F,C,Temperature module
1276,DC power,ambient_temp_F,C,Temperature ambient
1276,DC power,inverter_temp,C,Temperature inverter
1276,DC power,relative_humidity,%,Humidity
1276,DC power,input_voltage,V,DC voltage
1276,DC power,input_current,A,DC current
1276,DC power,inverter_error_code,-,System status
1276,DC power,wind_speed_mph,m/s,Wind speed
1276,DC power,wind_direction,degrees,Wind direction
1277,DC power,dc_power_hW,W,DC power
1277,DC power,ac_power_hW,W,AC power
1277,DC power,ac_current,A,AC current
1277,DC power,power_factor,-,AC other
1277,DC power,ac_voltage,V,AC voltage
1277,DC power,poa_irradiance,W/m^2,Irradiance POA
1277,DC power,module_temp_F,C,Temperature module
1277,DC power,ambient_temp_F,C,Temperature ambient
1277,DC power,inverter_temp,C,Temperature inverter
1277,DC power,relative_humidity,%,Humidity
1277,DC power,input_voltage,V,DC voltage
1277,DC power,input_current,A,DC current
1277,DC power,inverter_error_code,-,System status
1277,DC power,wind_speed_mph,m/s,Wind speed
1277,DC power,wind_direction,degrees,Wind direction
1278,DC power,inv1_dc_power_hW,W,DC power
1278,DC power,inv1_ac_power_hW,W,AC power
1278,DC power,inv2_dc_power_hW,W,DC power
1278,DC power,inv2_ac_power_hW,W,AC power
1278,DC power,dc_power,W,DC power
1278,DC power,ac_power,W,AC power
1278,DC power,inv1_ac_current,A,AC current
1278,DC power,inv2_ac_current,A,AC current
1278,DC power,inv1_power_factor,-,AC other
1278,DC power,inv2_power_factor,-,AC other
1278,DC power,inv1_ac_voltage,V,AC voltage
1278,DC power,inv2_ac_voltage,V,AC voltage
1278,DC power,poa_irradiance,W/m^2,Irradiance POA
1278,DC power,module_temp_F,C,Temperature module
1278,DC power,ambient_temp_F,C,Temperature ambient
1278,DC power,inv1_temp,C,Temperature inverter
1278,DC power,inv2_temp,C,Temperature inverter
1278,DC power,relative_humidity,%,Humidity
1278,DC power,inv1_input_voltage,V,DC voltage
1278,DC power,inv2_input_voltage,V,DC voltage
1278,DC power,inv1_input_current,A,DC current
1278,DC power,inv2_input_current,A,DC current
1278,DC power,inv1_error_code,-,System status
1278,DC power,inv2_error_code,-,System status
1278,DC power,wind_speed_mph,m/s,Wind speed
1278,DC power,wind_direction,degrees,Wind direction
1283,DC power,inv1_dc_power,W,DC power
1283,DC power,inv2_dc_power,W,DC power
1283,DC power,dc_power,W,DC power
1283,DC power,ac_power,W,AC power
1283,DC power,inv1_dc_current,A,DC current
1283,DC power,inv2_dc_current,A,DC current
1283,DC power,ac_power_metered_kW,W,AC power
1283,DC power,ac_meter_1_power_kW,W,AC power
1283,DC power,ac_meter_2_power_kW,W,AC power
1283,DC power,inv1_ac_power_kW,W,AC power
1283,DC power,inv2_ac_power_kW,W,AC power
1283,DC power,POA_irradiance,W/m^2,Irradiance POA
1283,DC power,POA_irradiance_refcell,W/m^2,Irradiance POA
1283,DC power,module_temp,C,Temperature module
1283,DC power,ambient_temp,C,Temperature ambient
1283,DC power,inv1_temp,C,Temperature inverter
1283,DC power,inv2_temp,C,Temperature inverter
1283,DC power,inv1_dc_voltage,V,DC voltage
1283,DC power,inv2_dc_voltage,V,DC voltage
1283,DC power,refcell_temp,C,Temperature refdevice
1283,DC power,wind_speed,m/s,Wind speed
1284,DC power,dc_power,W,DC power
1284,DC power,ac_power,W,AC power
1284,DC power,ac_current,A,AC current
1284,DC power,power_factor,-,AC other
1284,DC power,ac_voltage,V,AC voltage
1284,DC power,dc_pos_current,A,DC current
1284,DC power,das_battery_voltage,V,DC voltage battery
1284,DC power,poa_irradiance,W/m^2,Irradiance POA
1284,DC power,poa_irradiance_2,W/m^2,Irradiance POA
1284,DC power,ambient_temp,C,Temperature ambient
1284,DC power,module_temp_1,C,Temperature module
1284,DC power,module_temp_2,C,Temperature module
1284,DC power,module_temp_3,C,Temperature module
1284,DC power,inverter_temp,C,Temperature inverter
1284,DC power,dc_pos_voltage,V,DC voltage
1284,DC power,reference_cell_temperature,C,Temperature refdevice
1284,DC power,das_temp,C,Temperature panel
1284,DC power,das_temp_2,C,Temperature panel
1289,DC power,dc_power,W,DC power
1289,DC power,ac_power,W,AC power
1289,DC power,ac_current,A,AC current
1289,DC power,ac_voltage,V,AC voltage
1289,DC power,dc_pos_current,A,DC current
1289,DC power,das_battery_voltage,V,DC voltage battery
1289,DC power,poa_irradiance,W/m^2,Irradiance POA
1289,DC power,ambient_temp,C,Temperature ambient
1289,DC power,module_temp_1,C,Temperature module
1289,DC power,module_temp_2,C,Temperature module
1289,DC power,module_temp_3,C,Temperature module
1289,DC power,module_temp_4,C,Temperature module
1289,DC power,inverter_temp,C,Temperature inverter
1289,DC power,dc_pos_voltage,V,DC voltage
1289,DC power,das_temp,C,Temperature panel
1289,DC power,power_factor,-,AC other
1289,DC power,poa_irradiance_2,W/m^2,Irradiance POA
1289,DC power,das_temp_2,C,Temperature panel
1294,Temperature module,module_temp_F,C,Temperature module
1294,Temperature module,ambient_temp_F,C,Temperature ambient
1294,Temperature module,IntSolIrrad,W/m^2,Irradiance POA
1294,Temperature module,error,-,System status
1294,Temperature module,wind_speed_mph,m/s,Wind speed
1295,Temperature module,module_temp_F,C,Temperature module
1295,Temperature module,ambient_temp_F,C,Temperature ambient
1295,Temperature module,IntSolIrrad,W/m^2,Irradiance POA
1295,Temperature module,error,-,System status
1295,Temperature module,wind_speed_mph,m/s,Wind speed
1296,Temperature module,module_temp_F,C,Temperature module
1296,Temperature module,ambient_temp_F,C,Temperature ambient
1296,Temperature module,IntSolIrrad,W/m^2,Irradiance POA
1296,Temperature module,error,-,System status
1296,Temperature module,wind_speed_mph,m/s,Wind speed
1297,Temperature module,module_temp_F,C,Temperature module
1297,Temperature module,ambient_temp_F,C,Temperature ambient
1297,Temperature module,IntSolIrrad,W/m^2,Irradiance POA
1297,Temperature module,wind_speed_mph,m/s,Wind speed
1298,Temperature module,module_temp_F,C,Temperature module
1298,Temperature module,ambient_temp_F,C,Temperature ambient
1298,Temperature module,IntSolIrrad,W/m^2,Irradiance POA
1298,Temperature module,error,-,System status
1298,Temperature module,wind_speed_mph,m/s,Wind speed
1299,Temperature module,module_temp_F,C,Temperature module
1299,Temperature module,ambient_temp_F,C,Temperature ambient
1299,Temperature module,IntSolIrrad,W/m^2,Irradiance POA
1299,Temperature module,error,-,System status
1299,Temperature module,wind_speed_mph,m/s,Wind speed
1300,AC power,ac_power,W,AC power
1300,AC power,dc_power_calc,W,DC power
1300,AC power,ac_current,A,AC current
1300,AC power,dc_current,A,DC current
1300,AC power,ac_frequency,Hz,AC other
1300,AC power,ac_voltage,V,AC voltage
1300,AC power,module_temp_F,C,Temperature module
1300,AC power,ambient_temp_F,C,Temperature ambient
1300,AC power,dc_voltage,V,DC voltage
1300,AC power,IntSolIrrad,W/m^2,Irradiance POA
1300,AC power,error,-,System status
1300,AC power,wind_speed_mph,m/s,Wind speed
1301,Temperature module,module_temp_F,C,Temperature module
1301,Temperature module,ambient_temp_F,C,Temperature ambient
1301,Temperature module,IntSolIrrad,W/m^2,Irradiance POA
1301,Temperature module,error,-,System status
1301,Temperature module,wind_speed_mph,m/s,Wind speed
1302,Temperature module,module_temp_F,C,Temperature module
1302,Temperature module,ambient_temp_F,C,Temperature ambient
1302,Temperature module,IntSolIrrad,W/m^2,Irradiance POA
1302,Temperature module,error,-,System status
1302,Temperature module,wind_speed_mph,m/s,Wind speed
1303,Temperature module,module_temp_F,C,Temperature module
1303,Temperature module,ambient_temp_F,C,Temperature ambient
1303,Temperature module,IntSolIrrad,W/m^2,Irradiance POA
1303,Temperature module,error,-,System status
1303,Temperature module,wind_speed_mph,m/s,Wind speed
1304,Temperature module,module_temp_F,C,Temperature module
1304,Temperature module,ambient_temp_F,C,Temperature ambient
1304,Temperature module,IntSolIrrad,W/m^2,Irradiance POA
1304,Temperature module,wind_speed_mph,m/s,Wind speed
1305,AC current,ac_current_1,A,AC current
1305,AC current,dc_current_1,A,DC current
1305,AC current,ac_power_1,W,AC power
1305,AC current,dc_power_1_calc,W,DC power
1305,AC current,ac_current_2,A,AC current
1305,AC current,dc_current_2,A,DC current
1305,AC current,ac_power_2,W,AC power
1305,AC current,dc_power_2_calc,W,DC power
1305,AC current,ac_current_3,A,AC current
1305,AC current,dc_current_3,A,DC current
1305,AC current,ac_power_3,W,AC power
1305,AC current,dc_power_3_calc,W,DC power
1305,AC current,ac_power,W,AC power
1305,AC current,dc_power,W,DC power
1305,AC current,ac_frequency,Hz,AC other
1305,AC current,ac_voltage_1,V,AC voltage
1305,AC current,ac_voltage_2,V,AC voltage
1305,AC current,ac_voltage_3,V,AC voltage
1305,AC current,module_temp_F,C,Temperature module
1305,AC current,ambient_temp_F,C,Temperature ambient
1305,AC current,dc_voltage_1,V,DC voltage
1305,AC current,dc_voltage_2,V,DC voltage
1305,AC current,dc_voltage_3,V,DC voltage
1305,AC current,IntSolIrrad,W/m^2,Irradiance POA
1305,AC current,error,-,System status
1305,AC current,wind_speed_mph,m/s,Wind speed
1306,DC current,dc_current_1,A,DC current
1306,DC current,ac_power_1,W,AC power
1306,DC current,dc_current_2,A,DC current
1306,DC current,ac_power_2,W,AC power
1306,DC current,dc_current_3,A,DC current
1306,DC current,ac_power_3,W,AC power
1306,DC current,dc_current_4,A,DC current
1306,DC current,ac_power_4,W,AC power
1306,DC current,dc_current_5,A,DC current
1306,DC current,ac_power_5,W,AC power
1306,DC current,dc_current_6,A,DC current
1306,DC current,ac_power_6,W,AC power
1306,DC current,dc_power_1_calc,W,DC power
1306,DC current,dc_power_2_calc,W,DC power
1306,DC current,dc_power_3_calc,W,DC power
1306,DC current,dc_power_4_calc,W,DC power
1306,DC current,dc_power_5_calc,W,DC power
1306,DC current,dc_power_6_calc,W,DC power
1306,DC current,ac_power_1_6,W,AC power
1306,DC current,dc_power_1_6,W,DC power
1306,DC current,ac_frequency,Hz,AC other
1306,DC current,ac_voltage_1,V,AC voltage
1306,DC current,ac_voltage_2,V,AC voltage
1306,DC current,ac_voltage_3,V,AC voltage
1306,DC current,ac_voltage_4,V,AC voltage
1306,DC current,ac_voltage_5,V,AC voltage
1306,DC current,ac_voltage_6,V,AC voltage
1306,DC current,module_temp_F,C,Temperature module
1306,DC current,ambient_temp_F,C,Temperature ambient
1306,DC current,dc_voltage_1,V,DC voltage
1306,DC current,dc_voltage_2,V,DC voltage
1306,DC current,dc_voltage_3,V,DC voltage
1306,DC current,dc_voltage_4,V,DC voltage
1306,DC current,dc_voltage_5,V,DC voltage
1306,DC current,dc_voltage_6,V,DC voltage
1306,DC current,IntSolIrrad,W/m^2,Irradiance POA
1306,DC current,wind_speed_mph,m/s,Wind speed
1307,AC current,ac_current_1,A,AC current
1307,AC current,dc_current_1,A,DC current
1307,AC current,ac_power_1,W,AC power
1307,AC current,dc_power_1_calc,W,DC power
1307,AC current,ac_current_2,A,AC current
1307,AC current,dc_current_2,A,DC current
1307,AC current,ac_power_2,W,AC power
1307,AC current,dc_power_2_calc,W,DC power
1307,AC current,ac_current_3,A,AC current
1307,AC current,dc_current_3,A,DC current
1307,AC current,ac_power_3,W,AC power
1307,AC current,dc_power_3_calc,W,DC power
1307,AC current,ac_power,W,AC power
1307,AC current,dc_power,W,DC power
1307,AC current,ac_frequency,Hz,AC other
1307,AC current,ac_voltage_1,V,AC voltage
1307,AC current,ac_voltage_2,V,AC voltage
1307,AC current,ac_voltage_3,V,AC voltage
1307,AC current,module_temp_F,C,Temperature module
1307,AC current,ambient_temp_F,C,Temperature ambient
1307,AC current,dc_voltage_1,V,DC voltage
1307,AC current,dc_voltage_2,V,DC voltage
1307,AC current,dc_voltage_3,V,DC voltage
1307,AC current,IntSolIrrad,W/m^2,Irradiance POA
1307,AC current,error,-,System status
1307,AC current,wind_speed_mph,m/s,Wind speed
1308,AC current,ac_current_1,A,AC current
1308,AC current,dc_current_1,A,DC current
1308,AC current,ac_power_1,W,AC power
1308,AC current,dc_power_1_calc,W,DC power
1308,AC current,ac_current_2,A,AC current
1308,AC current,dc_current_2,A,DC current
1308,AC current,ac_power_2,W,AC power
1308,AC current,dc_power_2_calc,W,DC power
1308,AC current,ac_current_3,A,AC current
1308,AC current,dc_current_3,A,DC current
1308,AC current,ac_power_3,W,AC power
1308,AC current,dc_power_3_calc,W,DC power
1308,AC current,ac_power,W,AC power
1308,AC current,dc_power,W,DC power
1308,AC current,ac_frequency,Hz,AC other
1308,AC current,ac_voltage_1,V,AC voltage
1308,AC current,ac_voltage_2,V,AC voltage
1308,AC current,ac_voltage_3,V,AC voltage
1308,AC current,module_temp_F,C,Temperature module
1308,AC current,ambient_temp_F,C,Temperature ambient
1308,AC current,dc_voltage_1,V,DC voltage
1308,AC current,dc_voltage_2,V,DC voltage
1308,AC current,dc_voltage_3,V,DC voltage
1308,AC current,IntSolIrrad,W/m^2,Irradiance POA
1308,AC current,error,-,System status
1308,AC current,wind_speed_mph,m/s,Wind speed
1309,Temperature module,module_temp_F,C,Temperature module
1309,Temperature module,ambient_temp_F,C,Temperature ambient
1309,Temperature module,IntSolIrrad,W/m^2,Irradiance POA
1309,Temperature module,error,-,System status
1309,Temperature module,wind_speed_mph,m/s,Wind speed
1310,DC current,dc_current_1,A,DC current
1310,DC current,ac_power_1,W,AC power
1310,DC current,dc_current_2,A,DC current
1310,DC current,ac_power_2,W,AC power
1310,DC current,dc_current_3,A,DC current
1310,DC current,ac_power_3,W,AC power
1310,DC current,dc_current_4,A,DC current
1310,DC current,ac_power_4,W,AC power
1310,DC current,dc_current_5,A,DC current
1310,DC current,ac_power_5,W,AC power
1310,DC current,dc_current_6,A,DC current
1310,DC current,ac_power_6,W,AC power
1310,DC current,dc_power_1_calc,W,DC power
1310,DC current,dc_power_2_calc,W,DC power
1310,DC current,dc_power_3_calc,W,DC power
1310,DC current,dc_power_4_calc,W,DC power
1310,DC current,dc_power_5_calc,W,DC power
1310,DC current,dc_power_6_calc,W,DC power
1310,DC current,ac_power_1_6,W,AC power
1310,DC current,dc_power_1_6,W,DC power
1310,DC current,ac_frequency,Hz,AC other
1310,DC current,ac_voltage_1,V,AC voltage
1310,DC current,ac_voltage_2,V,AC voltage
1310,DC current,ac_voltage_3,V,AC voltage
1310,DC current,ac_voltage_4,V,AC voltage
1310,DC current,ac_voltage_5,V,AC voltage
1310,DC current,ac_voltage_6,V,AC voltage
1310,DC current,module_temp_F,C,Temperature module
1310,DC current,ambient_temp_F,C,Temperature ambient
1310,DC current,dc_voltage_1,V,DC voltage
1310,DC current,dc_voltage_2,V,DC voltage
1310,DC current,dc_voltage_3,V,DC voltage
1310,DC current,dc_voltage_4,V,DC voltage
1310,DC current,dc_voltage_5,V,DC voltage
1310,DC current,dc_voltage_6,V,DC voltage
1310,DC current,IntSolIrrad,W/m^2,Irradiance POA
1310,DC current,error,-,System status
1310,DC current,wind_speed_mph,m/s,Wind speed
1311,Temperature module,module_temp_F,C,Temperature module
1311,Temperature module,ambient_temp_F,C,Temperature ambient
1311,Temperature module,IntSolIrrad,W/m^2,Irradiance POA
1311,Temperature module,wind_speed_mph,m/s,Wind speed
1312,AC current,ac_current_1,A,AC current
1312,AC current,dc_current_1,A,DC current
1312,AC current,ac_power_1,W,AC power
1312,AC current,dc_power_1_calc,W,DC power
1312,AC current,ac_current_2,A,AC current
1312,AC current,dc_current_2,A,DC current
1312,AC current,ac_power_2,W,AC power
1312,AC current,dc_power_2_calc,W,DC power
1312,AC current,ac_current_3,A,AC current
1312,AC current,dc_current_3,A,DC current
1312,AC current,ac_power_3,W,AC power
1312,AC current,dc_power_3_calc,W,DC power
1312,AC current,ac_power,W,AC power
1312,AC current,dc_power,W,DC power
1312,AC current,ac_frequency,Hz,AC other
1312,AC current,ac_voltage_1,V,AC voltage
1312,AC current,ac_voltage_2,V,AC voltage
1312,AC current,ac_voltage_3,V,AC voltage
1312,AC current,module_temp_F,C,Temperature module
1312,AC current,ambient_temp_F,C,Temperature ambient
1312,AC current,dc_voltage_1,V,DC voltage
1312,AC current,dc_voltage_2,V,DC voltage
1312,AC current,dc_voltage_3,V,DC voltage
1312,AC current,IntSolIrrad,W/m^2,Irradiance POA
1312,AC current,error,-,System status
1312,AC current,wind_speed_mph,m/s,Wind speed
1314,AC other,VATotal,VA,AC other
1314,AC other,RTW,W,AC power
1314,AC other,WHTotal,Wh,AC energy
1315,AC other,VATotal,VA,AC other
1315,AC other,RTW,W,AC power
1315,AC other,WHTotal,Wh,AC energy
1316,AC other,VATotal,VA,AC other
1316,AC other,RTW,W,AC power
1316,AC other,WHTotal,Wh,AC energy
1317,AC other,VATotal,VA,AC other
1317,AC other,RTW,W,AC power
1317,AC other,WHTotal,Wh,AC energy
1318,AC other,VATotal,VA,AC other
1318,AC other,RTW,W,AC power
1318,AC other,WHTotal,Wh,AC energy
1319,AC other,VATotal,VA,AC other
1319,AC other,RTW,W,AC power
1319,AC other,WHTotal,Wh,AC energy
1320,AC other,VATotal,VA,AC other
1320,AC other,RTW,W,AC power
1320,AC other,WHTotal,Wh,AC energy
1321,AC other,VATotal,VA,AC other
1321,AC other,RTW,W,AC power
1321,AC other,WHTotal,Wh,AC energy
1322,AC other,VATotal,VA,AC other
1322,AC other,RTW,W,AC power
1322,AC other,WHTotal,Wh,AC energy
1323,AC other,VATotal,VA,AC other
1323,AC other,RTW,W,AC power
1323,AC other,WHTotal,Wh,AC energy
1324,AC other,VATotal,VA,AC other
1324,AC other,RTW,W,AC power
1324,AC other,WHTotal,Wh,AC energy
1325,AC other,VATotal,VA,AC other
1325,AC other,RTW,W,AC power
1325,AC other,WHTotal,Wh,AC energy
1326,AC other,VATotal,VA,AC other
1326,AC other,RTW,W,AC power
1326,AC other,WHTotal,Wh,AC energy
1327,AC other,VATotal,VA,AC other
1327,AC other,RTW,W,AC power
1327,AC other,WHTotal,Wh,AC energy
1328,AC other,VATotal,VA,AC other
1328,AC other,RTW,W,AC power
1328,AC other,WHTotal,Wh,AC energy
1329,AC other,VATotal,VA,AC other
1329,AC other,RTW,W,AC power
1329,AC other,WHTotal,Wh,AC energy
1330,AC other,VATotal,VA,AC other
1330,AC other,RTW,W,AC power
1330,AC other,WHTotal,Wh,AC energy
1331,AC other,VATotal,VA,AC other
1331,AC other,RTW,W,AC power
1331,AC other,WHTotal,Wh,AC energy
1332,DC current,inv1_dc_current,A,DC current
1332,DC current,inv2_dc_current,A,DC current
1332,DC current,inv3_dc_current,A,DC current
1332,DC current,meter3_ac_power,W,AC power
1332,DC current,meter2_ac_power,W,AC power
1332,DC current,inv1_dc_power,W,DC power
1332,DC current,inv2_dc_power,W,DC power
1332,DC current,inv3_dc_power,W,DC power
1332,DC current,inv1_ac_power,W,AC power
1332,DC current,inv2_ac_power,W,AC power
1332,DC current,inv3_ac_power,W,AC power
1332,DC current,meter1_ac_power,W,AC power
1332,DC current,metered_ac_power,W,AC power
1332,DC current,inv_total_ac_power,W,AC power
1332,DC current,dc_power,W,DC power
1332,DC current,inv1_dc_voltage,V,DC voltage
1332,DC current,inv2_dc_voltage,V,DC voltage
1332,DC current,inv3_dc_voltage,V,DC voltage
1332,DC current,String1Current_unshaded,A,DC current other
1332,DC current,String2Current_unshaded,A,DC current other
1332,DC current,String11Current_shaded,A,DC current other
1332,DC current,String12Current_shaded,A,DC current other
1334,AC current other,A_avg,A,AC current other
1334,AC current other,W_n_avg,W,AC other
1334,AC current other,Wh_n_sum,kWh,AC other
1335,AC current other,A_avg,A,AC current other
1335,AC current other,W_n_avg,W,AC other
1335,AC current other,Wh_n_sum,kWh,AC other
1336,AC current other,A_avg,A,AC current other
1336,AC current other,W_n_avg,W,AC other
1336,AC current other,Wh_n_sum,kWh,AC other
1337,AC current other,A_avg,A,AC current other
1337,AC current other,W_n_avg,W,AC other
1337,AC current other,Wh_n_sum,kWh,AC other
1338,AC current other,A_avg,A,AC current other
1338,AC current other,W_n_avg,W,AC other
1338,AC current other,Wh_n_sum,kWh,AC other
1339,AC current other,A_avg,A,AC current other
1339,AC current other,W_n_avg,W,AC other
1339,AC current other,Wh_n_sum,kWh,AC other
1340,AC current other,A_avg,A,AC current other
1340,AC current other,W_n_avg,W,AC other
1340,AC current other,Wh_n_sum,kWh,AC other
1341,AC current,ac_current,A,AC current
1341,AC current,ac_power_kW,W,AC power
1341,AC current,ac_voltage,V,AC voltage
1341,AC current,energy,-,AC energy
1342,AC current other,A_avg,A,AC current other
1342,AC current other,W_n_avg,W,AC other
1342,AC current other,Wh_n_sum,kWh,AC other
1343,AC current other,A_avg,A,AC current other
1343,AC current other,W_n_avg,W,AC other
1343,AC current other,Wh_n_sum,kWh,AC other
1344,AC current other,A_avg,A,AC current other
1344,AC current other,W_n_avg,W,AC other
1344,AC current other,Wh_n_sum,kWh,AC other
1345,AC current other,A_avg,A,AC current other
1345,AC current other,W_n_avg,W,AC other
1345,AC current other,Wh_n_sum,kWh,AC other
1346,AC current other,A_avg,A,AC current other
1346,AC current other,W_n_avg,W,AC other
1346,AC current other,Wh_n_sum,kWh,AC other
1347,AC current other,A_avg,A,AC current other
1347,AC current other,W_n_avg,W,AC other
1347,AC current other,Wh_n_sum,kWh,AC other
1348,AC current other,A_avg,A,AC current other
1348,AC current other,W_n_avg,W,AC other
1348,AC current other,Wh_n_sum,kWh,AC other
1349,AC current other,A_avg,A,AC current other
1349,AC current other,W_n_avg,W,AC other
1349,AC current other,Wh_n_sum,kWh,AC other
1350,AC current other,A_avg,A,AC current other
1350,AC current other,W_n_avg,W,AC other
1350,AC current other,Wh_n_sum,kWh,AC other
1351,AC current other,A_avg,A,AC current other
1351,AC current other,W_n_avg,W,AC other
1351,AC current other,Wh_n_sum,kWh,AC other
1352,AC current other,A_avg,A,AC current other
1352,AC current other,W_n_avg,W,AC other
1352,AC current other,Wh_n_sum,kWh,AC other
1353,AC current other,A_avg,A,AC current other
1353,AC current other,W_n_avg,W,AC other
1353,AC current other,Wh_n_sum,kWh,AC other
1354,AC current other,A_avg,A,AC current other
1354,AC current other,W_n_avg,W,AC other
1354,AC current other,Wh_n_sum,kWh,AC other
1355,AC current other,A_avg,A,AC current other
1355,AC current other,W_n_avg,W,AC other
1355,AC current other,Wh_n_sum,kWh,AC other
1356,AC current other,A_avg,A,AC current other
1356,AC current other,W_n_avg,W,AC other
1356,AC current other,Wh_n_sum,kWh,AC other
1357,AC current other,A_avg,A,AC current other
1357,AC current other,W_n_avg,W,AC other
1357,AC current other,Wh_n_sum,kWh,AC other
1358,AC current other,A_avg,A,AC current other
1358,AC current other,W_n_avg,W,AC other
1358,AC current other,Wh_n_sum,kWh,AC other
1359,AC current other,A_avg,A,AC current other
1359,AC current other,W_n_avg,W,AC other
1359,AC current other,Wh_n_sum,kWh,AC other
1360,AC current other,A_avg,A,AC current other
1360,AC current other,W_n_avg,W,AC other
1360,AC current other,Wh_n_sum,kWh,AC other
1361,AC current other,A_avg,A,AC current other
1361,AC current other,W_n_avg,W,AC other
1361,AC current other,Wh_n_sum,kWh,AC other
1362,AC current other,A_avg,A,AC current other
1362,AC current other,W_n_avg,W,AC other
1362,AC current other,Wh_n_sum,kWh,AC other
1363,AC current other,A_avg,A,AC current other
1363,AC current other,W_n_avg,W,AC other
1363,AC current other,Wh_n_sum,kWh,AC other
1364,AC current other,A_avg,A,AC current other
1364,AC current other,W_n_avg,W,AC other
1364,AC current other,Wh_n_sum,kWh,AC other
1367,AC power,ac_power_1,W,AC power
1367,AC power,ac_power_2,W,AC power
1367,AC power,ac_power_3,W,AC power
1367,AC power,ac_power,W,AC power
1367,AC power,ac_frequency_1,Hz,AC other
1367,AC power,ac_frequency_2,Hz,AC other
1367,AC power,ac_frequency_3,Hz,AC other
1367,AC power,poa_irradiance,W/m^2,Irradiance POA
1367,AC power,module_temp_K,C,Temperature module
1367,AC power,ambient_temp_K,C,Temperature ambient
1367,AC power,dc_voltage_1,V,DC voltage
1367,AC power,dc_voltage_2,V,DC voltage
1367,AC power,dc_voltage_3,V,DC voltage
1367,AC power,wind_speed_mph,m/s,Wind speed
1368,DC power,dc_power,W,DC power
1368,DC power,ac_power,W,AC power
1368,DC power,inv1_ac_power,W,AC power
1368,DC power,inv2_ac_power,W,AC power
1368,DC power,inv3_ac_power,W,AC power
1368,DC power,inv4_ac_power,W,AC power
1368,DC power,inv5_ac_power,W,AC power
1368,DC power,inv6_ac_power,W,AC power
1368,DC power,inv1_dc_power,W,DC power
1368,DC power,inv2_dc_power,W,DC power
1368,DC power,inv3_dc_power,W,DC power
1368,DC power,inv4_dc_power,W,DC power
1368,DC power,inv5_dc_power,W,DC power
1368,DC power,inv6_dc_power,W,DC power
1368,DC power,inv1_dc_current,A,DC current
1368,DC power,inv1_ac_current,A,AC current
1368,DC power,inv2_dc_current,A,DC current
1368,DC power,inv2_ac_current,A,AC current
1368,DC power,inv3_dc_current,A,DC current
1368,DC power,inv3_ac_current,A,AC current
1368,DC power,inv4_dc_current,A,DC current
1368,DC power,inv4_ac_current,A,AC current
1368,DC power,inv5_dc_current,A,DC current
1368,DC power,inv5_ac_current,A,AC current
1368,DC power,inv6_dc_current,A,DC current
1368,DC power,inv6_ac_current,A,AC current
1368,DC power,ac_frequency,Hz,AC other
1368,DC power,inv1_ac_voltage,V,AC voltage
1368,DC power,inv2_ac_voltage,V,AC voltage
1368,DC power,inv3_ac_voltage,V,AC voltage
1368,DC power,inv4_ac_voltage,V,AC voltage
1368,DC power,inv5_ac_voltage,V,AC voltage
1368,DC power,inv6_ac_voltage,V,AC voltage
1368,DC power,inv1_dc_voltage,V,DC voltage
1368,DC power,inv2_dc_voltage,V,DC voltage
1368,DC power,inv3_dc_voltage,V,DC voltage
1368,DC power,inv4_dc_voltage,V,DC voltage
1368,DC power,inv5_dc_voltage,V,DC voltage
1368,DC power,inv6_dc_voltage,V,DC voltage
1369,DC power,dc_power,W,DC power
1369,DC power,ac_power,W,AC power
1369,DC power,inv2_ac_power,W,AC power
1369,DC power,inv3_ac_power,W,AC power
1369,DC power,inv4_ac_power,W,AC power
1369,DC power,inv5_ac_power,W,AC power
1369,DC power,inv6_ac_power,W,AC power
1369,DC power,inv7_ac_power,W,AC power
1369,DC power,inv8_ac_power,W,AC power
1369,DC power,inv9_ac_power,W,AC power
1369,DC power,inv1_dc_power,W,DC power
1369,DC power,inv2_dc_power,W,DC power
1369,DC power,inv3_dc_power,W,DC power
1369,DC power,inv4_dc_power,W,DC power
1369,DC power,inv5_dc_power,W,DC power
1369,DC power,inv6_dc_power,W,DC power
1369,DC power,inv7_dc_power,W,DC power
1369,DC power,inv8_dc_power,W,DC power
1369,DC power,inv9_dc_power,W,DC power
1369,DC power,inv1_dc_current,A,DC current
1369,DC power,inv1_ac_current,A,AC current
1369,DC power,inv2_dc_current,A,DC current
1369,DC power,inv2_ac_current,A,AC current
1369,DC power,inv3_dc_current,A,DC current
1369,DC power,inv3_ac_current,A,AC current
1369,DC power,inv4_dc_current,A,DC current
1369,DC power,inv4_ac_current,A,AC current
1369,DC power,inv5_dc_current,A,DC current
1369,DC power,inv5_ac_current,A,AC current
1369,DC power,inv6_dc_current,A,DC current
1369,DC power,inv6_ac_current,A,AC current
1369,DC power,inv7_dc_current,A,DC current
1369,DC power,inv7_ac_current,A,AC current
1369,DC power,inv8_dc_current,A,DC current
1369,DC power,inv8_ac_current,A,AC current
1369,DC power,inv9_dc_current,A,DC current
1369,DC power,inv9_ac_current,A,AC current
1369,DC power,inv1_ac_power_kW,W,AC power
1369,DC power,ac_frequency,Hz,AC other
1369,DC power,inv1_ac_voltage,V,AC voltage
1369,DC power,inv2-9_ac_voltage,V,AC voltage
1369,DC power,inv1_temp,C,Temperature inverter
1369,DC power,inv1_dc_voltage,V,DC voltage
1369,DC power,inv2_dc_voltage,V,DC voltage
1369,DC power,inv3_dc_voltage,V,DC voltage
1369,DC power,inv4_dc_voltage,V,DC voltage
1369,DC power,inv5_dc_voltage,V,DC voltage
1369,DC power,inv6_dc_voltage,V,DC voltage
1369,DC power,inv7_dc_voltage,V,DC voltage
1369,DC power,inv8_dc_voltage,V,DC voltage
1369,DC power,inv9_dc_voltage,V,DC voltage
1403,AC power,inv1_ac_power,W,AC power
1403,AC power,inv2_ac_power,W,AC power
1403,AC power,dc_power,W,DC power
1403,AC power,ac_power,W,AC power
1403,AC power,inv1_ac_current,A,AC current
1403,AC power,inv2_ac_current,A,AC current
1403,AC power,inv1_ac_voltage,V,AC voltage
1403,AC power,inv2_ac_voltage,V,AC voltage
1403,AC power,poa_irradiance,W/m^2,Irradiance POA
1403,AC power,module_temp_5,C,Temperature module
1403,AC power,module_temp_6,C,Temperature module
1403,AC power,module_temp_7,C,Temperature module
1403,AC power,module_temp_8,C,Temperature module
1403,AC power,ambient_temp,C,Temperature ambient
1403,AC power,module_temp_1,C,Temperature module
1403,AC power,module_temp_2,C,Temperature module
1403,AC power,module_temp_3,C,Temperature module
1403,AC power,module_temp_4,C,Temperature module
1403,AC power,inv1_dc_voltage,V,DC voltage
1403,AC power,inv2_dc_voltage,V,DC voltage
1403,AC power,inv1_dc_current1,-,DC current
1403,AC power,inv1_dc_current2,-,DC current
1403,AC power,inv2_dc_current1,-,DC current
1403,AC power,inv2_dc_current2,-,DC current
1403,AC power,poa_irradiance_refcell1,W/m^2,Irradiance POA
1403,AC power,poa_irradiance_refcell2,W/m^2,Irradiance POA
1416,DC power,dc_power,W,DC power
1416,DC power,ac_current_phA,A,AC current
1416,DC power,ac_current_phB,A,AC current
1416,DC power,ac_current_phC,A,AC current
1416,DC power,ac_current,A,AC current
1416,DC power,power_factor,-,AC other
1416,DC power,power_factor_phA,-,AC other
1416,DC power,power_factor_phB,-,AC other
1416,DC power,power_factor_phC,-,AC other
1416,DC power,apparent_power_kVA,VA,AC other
1416,DC power,reactive_power_kVAR,VAR,AC other
1416,DC power,ac_voltage_LtoL,V,AC voltage
1416,DC power,ac_voltage_LtoN,V,AC voltage
1416,DC power,ac_voltage_AB,V,AC voltage
1416,DC power,ac_voltage_BC,V,AC voltage
1416,DC power,ac_voltage_AC,V,AC voltage
1416,DC power,ac_voltage_AN,V,AC voltage
1416,DC power,ac_voltage_BN,V,AC voltage
1416,DC power,ac_voltage_CN,V,AC voltage
1416,DC power,dc_current_positive,A,DC current
1416,DC power,dc_current_negative,A,DC current
1416,DC power,das_battery_voltage,V,DC voltage battery
1416,DC power,dc_power_negative,W,DC power
1416,DC power,dc_power_positive,W,DC power
1416,DC power,dc_voltage_positive,V,DC voltage
1416,DC power,dc_voltage_negative,V,DC voltage
1416,DC power,das_temp,C,Temperature panel
1416,DC power,enclosure_temp,C,Temperature enclosure
1416,DC power,real_power_kW,W,AC power other
1416,DC power,real_power_phA_kW,W,AC power other
1416,DC power,real_power_phB_kW,W,AC power other
1416,DC power,real_power_phC_kW,W,AC power other
1418,AC power,ac_power_1_KwAC,W,AC power
1418,AC power,ac_power_2_KwAC,W,AC power
1418,AC power,ac_power_3_KwAC,W,AC power
1418,AC power,poa_irradiance_Sun,W/m^2,Irradiance POA
1418,AC power,module_temp_F_Temp2,C,Temperature module
1418,AC power,ambient_temp_F_TempF,C,Temperature ambient
1418,AC power,ac_power,W,AC power
1418,AC power,ac_kwhr_1_KwhAC,kWh,AC energy
1418,AC power,ac_kwhr_2_KwhAC,kWh,AC energy
1418,AC power,ac_kwhr_3_KwhAC,kWh,AC energy
1418,AC power,wind_speed_mph_WindSpeed,m/s,Wind speed
1418,AC power,wind_direction_WindDirection,degrees,Wind direction
1419,AC power,ac_power_1_KwAC,W,AC power
1419,AC power,ac_power_2_KwAC,W,AC power
1419,AC power,dc_current_1_Idc,A,DC current
1419,AC power,dc_current_2_Idc,A,DC current
1419,AC power,poa_irradiance_Sun,W/m^2,Irradiance POA
1419,AC power,ambient_temp_F_TempF,C,Temperature ambient
1419,AC power,dc_voltage_1_Vdc,V,DC voltage
1419,AC power,dc_voltage_2_Vdc,V,DC voltage
1419,AC power,ac_power,W,AC power
1419,AC power,dc_power,W,DC power
1419,AC power,ac_kwhr_1_KwhAC,kWh,AC energy
1419,AC power,ac_kwhr_2_KwhAC,kWh,AC energy
1419,AC power,wind_speed_mph_WindSpeed,m/s,Wind speed
1419,AC power,wind_direction_WindDirection,degrees,Wind direction
1420,AC power,ac_power_KwAC,W,AC power
1420,AC power,dc_current_I2,A,DC current
1420,AC power,ac_current_Iac,A,AC current
1420,AC power,ac_voltage_Vac,V,AC voltage
1420,AC power,poa_irradiance_Sun,W/m^2,Irradiance POA
1420,AC power,module_temp_F_Temp1,C,Temperature module
1420,AC power,dc_voltage_Vdc,V,DC voltage
1420,AC power,dc_power,W,DC power
1420,AC power,ac_kwhr_KwhAC,kWh,AC energy
1422,AC power,inv1_ac_power,W,AC power
1422,AC power,inv2_ac_power,W,AC power
1422,AC power,ac_power,W,AC power
1422,AC power,dc_power,W,DC power
1422,AC power,inv1_ac_current,A,AC current
1422,AC power,inv2_ac_current,A,AC current
1422,AC power,inv1_ac_voltage,V,AC voltage
1422,AC power,inv2_ac_voltage,V,AC voltage
1422,AC power,poa_irradiance,W/m^2,Irradiance POA
1422,AC power,module_temp_5,C,Temperature module
1422,AC power,module_temp_6,C,Temperature module
1422,AC power,module_temp_7,C,Temperature module
1422,AC power,module_temp_8,C,Temperature module
1422,AC power,ambient_temp,C,Temperature ambient
1422,AC power,module_temp_1,C,Temperature module
1422,AC power,module_temp_2,C,Temperature module
1422,AC power,module_temp_3,C,Temperature module
1422,AC power,module_temp_4,C,Temperature module
1422,AC power,inv1_dc_voltage,V,DC voltage
1422,AC power,inv2_dc_voltage,V,DC voltage
1422,AC power,inv1_dc_current1,-,DC current
1422,AC power,inv1_dc_current2,-,DC current
1422,AC power,inv2_dc_current1,-,DC current
1422,AC power,inv2_dc_current2,-,DC current
1422,AC power,poa_irradiance_refcell1,W/m^2,Irradiance POA
1422,AC power,poa_irradiance_refcell2,W/m^2,Irradiance POA
1423,AC power,inv1_ac_power,W,AC power
1423,AC power,inv2_ac_power,W,AC power
1423,AC power,ac_power,W,AC power
1423,AC power,dc_power,W,DC power
1423,AC power,inv1_ac_current,A,AC current
1423,AC power,inv2_ac_current,A,AC current
1423,AC power,inv1_ac_voltage,V,AC voltage
1423,AC power,inv2_ac_voltage,V,AC voltage
1423,AC power,poa_irradiance,W/m^2,Irradiance POA
1423,AC power,module_temp_5,C,Temperature module
1423,AC power,module_temp_6,C,Temperature module
1423,AC power,module_temp_7,C,Temperature module
1423,AC power,module_temp_8,C,Temperature module
1423,AC power,ambient_temp,C,Temperature ambient
1423,AC power,module_temp_1,C,Temperature module
1423,AC power,module_temp_2,C,Temperature module
1423,AC power,module_temp_3,C,Temperature module
1423,AC power,module_temp_4,C,Temperature module
1423,AC power,inv1_dc_voltage,V,DC voltage
1423,AC power,inv2_dc_voltage,V,DC voltage
1423,AC power,inv1_dc_current1,-,DC current
1423,AC power,inv1_dc_current2,-,DC current
1423,AC power,inv2_dc_current1,-,DC current
1423,AC power,inv2_dc_current2,-,DC current
1423,AC power,poa_irradiance_refcell1,W/m^2,Irradiance POA
1423,AC power,poa_irradiance_refcell2,W/m^2,Irradiance POA
1429,AC power,inv1_ac_power,W,AC power
1429,AC power,inv2_ac_power,W,AC power
1429,AC power,ac_power,W,AC power
1429,AC power,dc_power,W,DC power
1429,AC power,inv1_ac_current,A,AC current
1429,AC power,inv2_ac_current,A,AC current
1429,AC power,inv1_ac_voltage,V,AC voltage
1429,AC power,inv2_ac_voltage,V,AC voltage
1429,AC power,poa_irradiance,W/m^2,Irradiance POA
1429,AC power,module_temp_5,C,Temperature module
1429,AC power,module_temp_6,C,Temperature module
1429,AC power,module_temp_7,C,Temperature module
1429,AC power,module_temp_8,C,Temperature module
1429,AC power,ambient_temp,C,Temperature ambient
1429,AC power,module_temp_1,C,Temperature module
1429,AC power,module_temp_2,C,Temperature module
1429,AC power,module_temp_3,C,Temperature module
1429,AC power,module_temp_4,C,Temperature module
1429,AC power,inv1_dc_voltage,V,DC voltage
1429,AC power,inv2_dc_voltage,V,DC voltage
1429,AC power,inv1_dc_current1,-,DC current
1429,AC power,inv1_dc_current2,-,DC current
1429,AC power,inv2_dc_current1,-,DC current
1429,AC power,inv2_dc_current2,-,DC current
1429,AC power,poa_irradiance_refcell1,W/m^2,Irradiance POA
1429,AC power,poa_irradiance_refcell2,W/m^2,Irradiance POA
1430,AC power,ac_power,W,AC power
1430,AC power,dc_power,W,DC power
1430,AC power,dc_current,A,DC current
1430,AC power,poa_irradiance,W/m^2,Irradiance POA
1430,AC power,module_temp,C,Temperature module
1430,AC power,ambient_temp,C,Temperature ambient
1430,AC power,dc_voltage,V,DC voltage
1430,AC power,PR,-,PR
1430,AC power,kWh_net,-,AC energy other
1430,AC power,kWh_gross,-,AC energy other
1430,AC power,wind_speed,m/s,Wind speed
1431,AC power,ac_power,W,AC power
1431,AC power,dc_power,W,DC power
1431,AC power,dc_current,A,DC current
1431,AC power,poa_irradiance,W/m^2,Irradiance POA
1431,AC power,module_temp,C,Temperature module
1431,AC power,ambient_temp,C,Temperature ambient
1431,AC power,dc_voltage,V,DC voltage
1431,AC power,PR,-,PR
1431,AC power,kWh_net,-,AC energy other
1431,AC power,kWh_gross,-,AC energy other
1431,AC power,wind_speed,m/s,Wind speed
1432,AC power,ac_power,W,AC power
1432,AC power,poa_irradiance,W/m^2,Irradiance POA
1432,AC power,module_temp,C,Temperature module
1432,AC power,ambient_temp,C,Temperature ambient
1432,AC power,dc_voltage,V,DC voltage
1432,AC power,kWh_net,kWh,AC energy other
1432,AC power,PR,-,PR
1433,AC power,ac_power,W,AC power
1433,AC power,poa_irradiance,W/m^2,Irradiance POA
1433,AC power,module_temp,C,Temperature module
1433,AC power,ambient_temp,C,Temperature ambient
1433,AC power,dc_voltage,V,DC voltage
1433,AC power,kWh_net,kWh,AC energy other
1433,AC power,kWh_gross,kWh,AC energy other
1433,AC power,PR,-,PR
2,DC power,dc_power,W,DC power
2,DC power,dc_pos_current,A,DC current
2,DC power,das_battery_voltage,V,DC voltage battery
2,DC power,poa_irradiance,W/m^2,Irradiance POA
2,DC power,module_temp_1,C,Temperature module
2,DC power,dc_pos_voltage,V,DC voltage
2,DC power,das_temp,C,Temperature panel
2045,Irradiance GHI,irradiance_global_1,W/m^2,Irradiance GHI
2045,Irradiance GHI,irradiance_albedo_2,W/m^2,Irradiance albedo
2045,Irradiance GHI,irradiance_global_3,W/m^2,Irradiance GHI
2045,Irradiance GHI,irradiance_albedo_3,W/m^2,Irradiance albedo
2045,Irradiance GHI,irradiance_albedo_1,W/m^2,Irradiance albedo
2045,Irradiance GHI,irradiance_global_2,W/m^2,Irradiance GHI
2045,Irradiance GHI,battery_voltage,V,DC voltage
2045,Irradiance GHI,ptemp,C,Temperature other
3,DC power,dc_power,W,DC power
3,DC power,dc_pos_current,A,DC current
3,DC power,das_battery_voltage,V,DC voltage battery
3,DC power,poa_irradiance,W/m^2,Irradiance POA
3,DC power,module_temp_1,C,Temperature module
3,DC power,dc_pos_voltage,V,DC voltage
3,DC power,das_temp,C,Temperature panel
33,DC power,dc_power,W,DC power
33,DC power,ac_power,W,AC power
33,DC power,ac_current,A,AC current
33,DC power,ac_voltage,V,AC voltage
33,DC power,dc_pos_current,A,DC current
33,DC power,das_battery_voltage,V,DC voltage battery
33,DC power,poa_irradiance,W/m^2,Irradiance POA
33,DC power,ambient_temp,C,Temperature ambient
33,DC power,module_temp_1,C,Temperature module
33,DC power,module_temp_2,C,Temperature module
33,DC power,module_temp_3,C,Temperature module
33,DC power,inverter_temp,C,Temperature inverter
33,DC power,dc_pos_voltage,V,DC voltage
33,DC power,das_temp,C,Temperature panel
33,DC power,power_factor,-,AC other
34,DC power,dc_power_hW,W,DC power
34,DC power,ac_power_hW,W,AC power
34,DC power,dc_current,A,DC current
34,DC power,ac_current,A,AC current
34,DC power,power_factor_1000,-,AC other
34,DC power,ac_voltage,V,AC voltage
34,DC power,poa_irradiance,W/m^2,Irradiance POA
34,DC power,module_temp_F,C,Temperature module
34,DC power,ambient_temp_F,C,Temperature ambient
34,DC power,inverter_temp,C,Temperature inverter
34,DC power,relative_humidity,%,Humidity
34,DC power,dc_voltage,V,DC voltage
34,DC power,inverter_error_code,-,System status
34,DC power,wind_speed_mph,m/s,Wind speed
34,DC power,wind_direction,degrees,Wind direction
35,DC power,dc_power_hW,W,DC power
35,DC power,ac_power_hW,W,AC power
35,DC power,dc_current,A,DC current
35,DC power,ac_current,A,AC current
35,DC power,power_factor_1000,-,AC other
35,DC power,ac_voltage,V,AC voltage
35,DC power,poa_irradiance,W/m^2,Irradiance POA
35,DC power,module_temp_F,C,Temperature module
35,DC power,ambient_temp_F,C,Temperature ambient
35,DC power,inverter_temp,C,Temperature inverter
35,DC power,relative_humidity,%,Humidity
35,DC power,dc_voltage,V,DC voltage
35,DC power,inverter_error_code,-,System status
35,DC power,wind_speed_mph,m/s,Wind speed
35,DC power,wind_direction,degrees,Wind direction
36,DC power,dc_power,W,DC power
36,DC power,ac_power,W,AC power
36,DC power,dc_current,A,DC current
36,DC power,ac_current,A,AC current
36,DC power,ac_voltage,V,AC voltage
36,DC power,poa_irradiance_1,W/m^2,Irradiance POA
36,DC power,poa_irradiance_2,W/m^2,Irradiance POA
36,DC power,module8_temp_Top,C,Temperature module
36,DC power,module8_temp_Mid,C,Temperature module
36,DC power,module8_temp_Bot,C,Temperature module
36,DC power,ambient_temp,C,Temperature ambient
36,DC power,inv_temp,C,Temperature inverter
36,DC power,dc_voltage,V,DC voltage
36,DC power,das_temp,C,Temperature panel
36,DC power,Module3_Temp,C,Temperature module
36,DC power,Module10NW_Temp,C,Temperature module
36,DC power,Module6NE_Temp,C,Temperature module
36,DC power,Module1SW_Temp,C,Temperature module
36,DC power,Module5SE_Temp,C,Temperature module
36,DC power,reflector_temp_1,C,Temperature other
36,DC power,module_current_1,A,DC current other
36,DC power,module_current_2,A,DC current other
36,DC power,module_current_3,A,DC current other
36,DC power,module_current_4,A,DC current other
36,DC power,module_current_5,A,DC current other
36,DC power,module_current_6,A,DC current other
36,DC power,module_current_7,A,DC current other
36,DC power,module_current_8,A,DC current other
36,DC power,module_current_9,A,DC current other
36,DC power,module_current_10,A,DC current other
36,DC power,PhotoDiode_1,W/m^2,Irradiance other
36,DC power,PhotoDiode_2,W/m^2,Irradiance other
36,DC power,PhotoDiode_3,W/m^2,Irradiance other
36,DC power,PhotoDiode_4,W/m^2,Irradiance other
36,DC power,PhotoDiode_5,W/m^2,Irradiance other
36,DC power,PhotoDiode_6,W/m^2,Irradiance other
4,DC power,dc_power,W,DC power
4,DC power,ac_power,W,AC power
4,DC power,ac_current,A,AC current
4,DC power,power_factor,na,AC other
4,DC power,ac_voltage,V,AC voltage
4,DC power,dc_pos_current,A,DC current
4,DC power,das_battery_voltage,V,DC voltage battery
4,DC power,poa_irradiance,W/m^2,Irradiance POA
4,DC power,ambient_temp,C,Temperature ambient
4,DC power,module_temp_1,C,Temperature module
4,DC power,module_temp_2,C,Temperature module
4,DC power,module_temp_3,C,Temperature module
4,DC power,inverter_temp,C,Temperature inverter
4,DC power,dc_pos_voltage,V,DC voltage
4,DC power,das_temp,C,Temperature panel
4901,Temperature ambient,AmbTemp_C_Avg,C,Temperature ambient
4901,Temperature ambient,Battery_A_Avg,A,DC current battery
4901,Temperature ambient,Battery_V_Min,V,DC voltage battery
4901,Temperature ambient,CR1000Temp_C_Avg,C,Temperature enclosure
4901,Temperature ambient,ChgSource_Min,-,Battery other
4901,Temperature ambient,ChgState_Min,-,Battery other
4901,Temperature ambient,CkBatt_Max,-,Battery other
4901,Temperature ambient,InvEtot_kWh_Max,kWh,AC energy
4901,Temperature ambient,InvIa_Avg,A,AC current other
4901,Temperature ambient,InvIb_Avg,A,AC current other
4901,Temperature ambient,InvIc_Avg,A,AC current other
4901,Temperature ambient,InvPAC_kW_Avg,kW,AC power
4901,Temperature ambient,InvPDC_kW_Avg,kW,DC power
4901,Temperature ambient,InvTempFault_Max,-,Temperature inverter
4901,Temperature ambient,InvVDCin_Avg,V,DC voltage other
4901,Temperature ambient,InvVPVin_Avg,V,DC voltage other
4901,Temperature ambient,InvVa_Avg,V,AC voltage other
4901,Temperature ambient,InvVb_Avg,V,AC voltage other
4901,Temperature ambient,InvVc_Avg,V,AC voltage other
4901,Temperature ambient,PwrMtrEdel_kVARh_Max,kVARh,AC power
4901,Temperature ambient,PwrMtrEdel_kWh_Max,kWh,AC power
4901,Temperature ambient,PwrMtrErec_kVARh_Max,kVARh,AC power
4901,Temperature ambient,PwrMtrErec_kWh_Max,kWh,AC power
4901,Temperature ambient,PwrMtrFreqMax_Max,Hz,AC other
4901,Temperature ambient,PwrMtrFreqMin_Min,Hz,AC other
4901,Temperature ambient,PwrMtrFreq_Avg,Hz,AC other
4901,Temperature ambient,PwrMtrPF_Avg,-,AC power other
4901,Temperature ambient,PwrMtrP_kVAR_Avg,kVAR,AC power other
4901,Temperature ambient,PwrMtrP_kVA_Avg,kVA,AC power other
4901,Temperature ambient,PwrMtrP_kW_Avg,kW,AC power
4901,Temperature ambient,PwrMtrPhaseRev_Avg,-,AC power other
4901,Temperature ambient,PwrMtrVaTHDMax_Max,%,AC voltage other
4901,Temperature ambient,PwrMtrVa_Avg,V,AC voltage other
4901,Temperature ambient,PwrMtrVbTHDMax_Max,%,AC voltage other
4901,Temperature ambient,PwrMtrVb_Avg,V,AC voltage other
4901,Temperature ambient,PwrMtrVcTHDMax_Max,%,AC voltage other
4901,Temperature ambient,PwrMtrVc_Avg,V,AC voltage other
4901,Temperature ambient,Pyra1_mV_Avg,mV,Irradiance POA
4901,Temperature ambient,Pyra2_mV_Avg,mV,Irradiance GHI
4901,Temperature ambient,Pyra3_mV_Avg,mV,Irradiance POA
4901,Temperature ambient,RTD_C_Avg_1,C,Temperature backsheet
4901,Temperature ambient,RTD_C_Avg_10,C,Temperature backsheet
4901,Temperature ambient,RTD_C_Avg_2,C,Temperature backsheet
4901,Temperature ambient,RTD_C_Avg_3,C,Temperature backsheet
4901,Temperature ambient,RTD_C_Avg_4,C,Temperature backsheet
4901,Temperature ambient,RTD_C_Avg_5,C,Temperature backsheet
4901,Temperature ambient,RTD_C_Avg_6,C,Temperature backsheet
4901,Temperature ambient,RTD_C_Avg_7,C,Temperature backsheet
4901,Temperature ambient,RTD_C_Avg_8,C,Temperature backsheet
4901,Temperature ambient,RTD_C_Avg_9,C,Temperature backsheet
4901,Temperature ambient,RefCell1_Wm2_Avg,W/m^2,Irradiance POA
4901,Temperature ambient,RefCell2_Wm2_Avg,W/m^2,Irradiance POA
4901,Temperature ambient,SEWSAmbientTemp_C_Avg,C,Temperature ambient
4901,Temperature ambient,SEWSModuleTemp_C_Avg,C,Temperature module
4901,Temperature ambient,ShuntCurrent_A_Avg_1,A,DC current other
4901,Temperature ambient,ShuntCurrent_A_Avg_2,A,DC current other
4901,Temperature ambient,ShuntCurrent_A_Avg_3,A,DC current other
4901,Temperature ambient,ShuntCurrent_A_Avg_4,A,DC current other
4901,Temperature ambient,ShuntCurrent_A_Avg_5,A,DC current other
4901,Temperature ambient,ShuntCurrent_A_Avg_6,A,DC current other
4901,Temperature ambient,ShuntCurrent_A_Avg_7,A,DC current other
4901,Temperature ambient,ShuntEtot_kWh_Max_1,kWh,DC energy other
4901,Temperature ambient,ShuntEtot_kWh_Max_2,kWh,DC energy other
4901,Temperature ambient,ShuntEtot_kWh_Max_3,kWh,DC energy other
4901,Temperature ambient,ShuntEtot_kWh_Max_4,kWh,DC energy other
4901,Temperature ambient,ShuntEtot_kWh_Max_5,kWh,DC energy other
4901,Temperature ambient,ShuntEtot_kWh_Max_6,kWh,DC energy other
4901,Temperature ambient,ShuntEtot_kWh_Max_7,kWh,DC energy other
4901,Temperature ambient,ShuntPDC_kW_Avg_1,kW,DC power other
4901,Temperature ambient,ShuntPDC_kW_Avg_2,kW,DC power other
4901,Temperature ambient,ShuntPDC_kW_Avg_3,kW,DC power other
4901,Temperature ambient,ShuntPDC_kW_Avg_4,kW,DC power other
4901,Temperature ambient,ShuntPDC_kW_Avg_5,kW,DC power other
4901,Temperature ambient,ShuntPDC_kW_Avg_6,kW,DC power other
4901,Temperature ambient,ShuntPDC_kW_Avg_7,kW,DC power other
4901,Temperature ambient,WindHeatStateID_Avg,-,AC other
4901,Temperature ambient,WindRef_V_Min,V,AC other
4901,Temperature ambient,WindSpeed_ms_Max,m/s,AC other
4901,Temperature ambient,WindValid_Avg,-,AC other
4901,Temperature ambient,DoorOpen_Min,-,System other
4901,Temperature ambient,InvDriveFault_Max,-,System other
4901,Temperature ambient,InvFreq_Avg,Hz,System other
4901,Temperature ambient,InvGridFault_Max,-,System other
4901,Temperature ambient,InvIDCin_Avg,A,System other
4901,Temperature ambient,InvMainFault_Max,-,System other
4901,Temperature ambient,InvOpStatus_Avg,-,System other
4901,Temperature ambient,InvPVMStatus_Max,-,System other
4901,Temperature ambient,InvSystemFault_Max,-,System other
4901,Temperature ambient,InvSystemWarn_Max,-,System other
4901,Temperature ambient,InvVDVoltage_V_Avg,V,System other
4901,Temperature ambient,InvVoltageFault_Max,-,System other
4901,Temperature ambient,Load_A_Avg,A,System other
4901,Temperature ambient,PwrMtrIa_Avg,A,System other
4901,Temperature ambient,PwrMtrIb_Avg,A,System other
4901,Temperature ambient,PwrMtrIc_Avg,A,System other
4901,Temperature ambient,Qloss_Ah_Max,Ah,System other
4901,Temperature ambient,SEWSPOAIrrad_Wm2_Avg,W/m^2,System other
4901,Temperature ambient,WindDirAve_deg,Deg,AC other
4901,Temperature ambient,WindDirStdDev_deg,Deg,AC other
4901,Temperature ambient,WindSpeedAve_ms,m/s,AC other
4902,Temperature ambient,AmbTemp_C_Avg,C,Temperature ambient
4902,Temperature ambient,Battery_A_Avg,A,DC current battery
4902,Temperature ambient,Battery_V_Min,V,DC voltage battery
4902,Temperature ambient,CR1000Temp_C_Avg,C,Temperature enclosure
4902,Temperature ambient,ChgSource_Min,-,Battery other
4902,Temperature ambient,ChgState_Min,-,Battery other
4902,Temperature ambient,CkBatt_Max,-,Battery other
4902,Temperature ambient,InvEtot_kWh_Max,kWh,AC energy
4902,Temperature ambient,InvIa_Avg,A,AC current other
4902,Temperature ambient,InvIb_Avg,A,AC current other
4902,Temperature ambient,InvIc_Avg,A,AC current other
4902,Temperature ambient,InvPAC_kW_Avg,kW,AC power
4902,Temperature ambient,InvPDC_kW_Avg,kW,DC power
4902,Temperature ambient,InvTempFault_Max,-,Temperature inverter
4902,Temperature ambient,InvVDCin_Avg,V,DC voltage other
4902,Temperature ambient,InvVPVin_Avg,V,DC voltage other
4902,Temperature ambient,InvVa_Avg,V,AC voltage other
4902,Temperature ambient,InvVb_Avg,V,AC voltage other
4902,Temperature ambient,InvVc_Avg,V,AC voltage other
4902,Temperature ambient,PwrMtrEdel_kVARh_Max,kVARh,AC power
4902,Temperature ambient,PwrMtrEdel_kWh_Max,kWh,AC power
4902,Temperature ambient,PwrMtrErec_kVARh_Max,kVARh,AC power
4902,Temperature ambient,PwrMtrErec_kWh_Max,kWh,AC power
4902,Temperature ambient,PwrMtrFreqMax_Max,Hz,AC other
4902,Temperature ambient,PwrMtrFreqMin_Min,Hz,AC other
4902,Temperature ambient,PwrMtrFreq_Avg,Hz,AC other
4902,Temperature ambient,PwrMtrPF_Avg,-,AC power other
4902,Temperature ambient,PwrMtrP_kVAR_Avg,kVAR,AC power other
4902,Temperature ambient,PwrMtrP_kVA_Avg,kVA,AC power other
4902,Temperature ambient,PwrMtrP_kW_Avg,kW,AC power
4902,Temperature ambient,PwrMtrPhaseRev_Avg,-,AC power other
4902,Temperature ambient,PwrMtrVaTHDMax_Max,%,AC voltage other
4902,Temperature ambient,PwrMtrVa_Avg,V,AC voltage other
4902,Temperature ambient,PwrMtrVbTHDMax_Max,%,AC voltage other
4902,Temperature ambient,PwrMtrVb_Avg,V,AC voltage other
4902,Temperature ambient,PwrMtrVcTHDMax_Max,%,AC voltage other
4902,Temperature ambient,PwrMtrVc_Avg,V,AC voltage other
4902,Temperature ambient,Pyra1_mV_Avg,mV,Irradiance GHI
4902,Temperature ambient,Pyra2_mV_Avg,mV,Irradiance POA
4902,Temperature ambient,RTD_C_Avg_1,C,Temperature backsheet
4902,Temperature ambient,RTD_C_Avg_10,C,Temperature backsheet
4902,Temperature ambient,RTD_C_Avg_2,C,Temperature backsheet
4902,Temperature ambient,RTD_C_Avg_3,C,Temperature backsheet
4902,Temperature ambient,RTD_C_Avg_4,C,Temperature backsheet
4902,Temperature ambient,RTD_C_Avg_5,C,Temperature backsheet
4902,Temperature ambient,RTD_C_Avg_6,C,Temperature backsheet
4902,Temperature ambient,RTD_C_Avg_7,C,Temperature backsheet
4902,Temperature ambient,RTD_C_Avg_8,C,Temperature backsheet
4902,Temperature ambient,RTD_C_Avg_9,C,Temperature backsheet
4902,Temperature ambient,RefCell1_Wm2_Avg,W/m^2,Irradiance POA
4902,Temperature ambient,SEWSAmbientTemp_C_Avg,C,Temperature ambient
4902,Temperature ambient,SEWSModuleTemp_C_Avg,C,Temperature module
4902,Temperature ambient,ShuntCurrent_A_Avg_1,A,DC current other
4902,Temperature ambient,ShuntCurrent_A_Avg_2,A,DC current other
4902,Temperature ambient,ShuntCurrent_A_Avg_3,A,DC current other
4902,Temperature ambient,ShuntCurrent_A_Avg_4,A,DC current other
4902,Temperature ambient,ShuntCurrent_A_Avg_5,A,DC current other
4902,Temperature ambient,ShuntCurrent_A_Avg_6,A,DC current other
4902,Temperature ambient,ShuntCurrent_A_Avg_7,A,DC current other
4902,Temperature ambient,ShuntEtot_kWh_Max_1,kWh,DC energy other
4902,Temperature ambient,ShuntEtot_kWh_Max_2,kWh,DC energy other
4902,Temperature ambient,ShuntEtot_kWh_Max_3,kWh,DC energy other
4902,Temperature ambient,ShuntEtot_kWh_Max_4,kWh,DC energy other
4902,Temperature ambient,ShuntEtot_kWh_Max_5,kWh,DC energy other
4902,Temperature ambient,ShuntEtot_kWh_Max_6,kWh,DC energy other
4902,Temperature ambient,ShuntEtot_kWh_Max_7,kWh,DC energy other
4902,Temperature ambient,ShuntPDC_kW_Avg_1,kW,DC power other
4902,Temperature ambient,ShuntPDC_kW_Avg_2,kW,DC power other
4902,Temperature ambient,ShuntPDC_kW_Avg_3,kW,DC power other
4902,Temperature ambient,ShuntPDC_kW_Avg_4,kW,DC power other
4902,Temperature ambient,ShuntPDC_kW_Avg_5,kW,DC power other
4902,Temperature ambient,ShuntPDC_kW_Avg_6,kW,DC power other
4902,Temperature ambient,ShuntPDC_kW_Avg_7,kW,DC power other
4902,Temperature ambient,SEWSPOAIrrad_Wm2_Avg,W/m^2,Irradiance POA
4902,Temperature ambient,WindHeatStateID_Avg,-,AC other
4902,Temperature ambient,WindRef_V_Min,V,AC other
4902,Temperature ambient,WindSpeed_ms_Max,m/s,AC other
4902,Temperature ambient,WindValid_Avg,-,AC other
4902,Temperature ambient,DoorOpen_Min,-,System other
4902,Temperature ambient,InvDriveFault_Max,-,System other
4902,Temperature ambient,InvFreq_Avg,Hz,System other
4902,Temperature ambient,InvGridFault_Max,-,System other
4902,Temperature ambient,InvIDCin_Avg,A,System other
4902,Temperature ambient,InvMainFault_Max,-,System other
4902,Temperature ambient,InvOpStatus_Avg,-,System other
4902,Temperature ambient,InvPVMStatus_Max,-,System other
4902,Temperature ambient,InvSystemFault_Max,-,System other
4902,Temperature ambient,InvSystemWarn_Max,-,System other
4902,Temperature ambient,InvVDVoltage_V_Avg,V,System other
4902,Temperature ambient,InvVoltageFault_Max,-,System other
4902,Temperature ambient,Load_A_Avg,A,System other
4902,Temperature ambient,PwrMtrIa_Avg,A,System other
4902,Temperature ambient,PwrMtrIb_Avg,A,System other
4902,Temperature ambient,PwrMtrIc_Avg,A,System other
4902,Temperature ambient,Qloss_Ah_Max,Ah,System other
4902,Temperature ambient,WindDirAve_deg,Deg,AC other
4902,Temperature ambient,WindDirStdDev_deg,Deg,AC other
4902,Temperature ambient,WindSpeedAve_ms,m/s,AC other
4903,Temperature ambient,AmbTemp_C_Avg,C,Temperature ambient
4903,Temperature ambient,Battery_A_Avg,A,DC current battery
4903,Temperature ambient,Battery_V_Min,V,DC voltage battery
4903,Temperature ambient,CR1000Temp_C_Avg,C,Temperature enclosure
4903,Temperature ambient,ChgSource_Min,-,Battery other
4903,Temperature ambient,ChgState_Min,-,Battery other
4903,Temperature ambient,CkBatt_Max,-,Battery other
4903,Temperature ambient,InvEtoday_kWh_Max,kWh,AC energy
4903,Temperature ambient,InvEtot_kWh_Max,kWh,AC energy
4903,Temperature ambient,InvEyesterday_kWh_Max,kWh,AC energy
4903,Temperature ambient,InvINeutral_Avg,A,AC current other
4903,Temperature ambient,InvIUnbal_Avg,%,AC current other
4903,Temperature ambient,InvIa_Avg,A,AC current other
4903,Temperature ambient,InvIabcAvg_Avg,A,AC current other
4903,Temperature ambient,InvIb_Avg,A,AC current other
4903,Temperature ambient,InvIc_Avg,A,AC current other
4903,Temperature ambient,InvPAC_kW_Avg,kW,AC power
4903,Temperature ambient,InvPDC_kW_Avg,kW,DC power
4903,Temperature ambient,InvPF_Avg,-,AC other
4903,Temperature ambient,InvTempHeatsink_C_Avg,C,Temperature inverter
4903,Temperature ambient,InvTempInternalAir_C_Avg,C,Temperature inverter
4903,Temperature ambient,InvTempInverterAir_C_Avg,C,Temperature inverter
4903,Temperature ambient,InvVAR_kVAR_Avg,kVAR,AC power other
4903,Temperature ambient,InvVA_kVA_Avg,kVA,AC power other
4903,Temperature ambient,InvVDCin_Avg,V,DC voltage other
4903,Temperature ambient,InvVUnbal_Avg,%,AC voltage other
4903,Temperature ambient,InvVa_Avg,V,AC voltage other
4903,Temperature ambient,InvVabcAvg_Avg,V,AC voltage other
4903,Temperature ambient,InvVb_Avg,V,AC voltage other
4903,Temperature ambient,InvVc_Avg,V,AC voltage other
4903,Temperature ambient,PwrMtrEdel_kVARh_Max,kVARh,AC power
4903,Temperature ambient,PwrMtrEdel_kWh_Max,kWh,AC power
4903,Temperature ambient,PwrMtrErec_kVARh_Max,kVARh,AC power
4903,Temperature ambient,PwrMtrErec_kWh_Max,kWh,AC power
4903,Temperature ambient,PwrMtrFreqMax_Max,Hz,AC other
4903,Temperature ambient,PwrMtrFreqMin_Min,Hz,AC other
4903,Temperature ambient,PwrMtrFreq_Avg,Hz,AC other
4903,Temperature ambient,PwrMtrPF_Avg,-,AC power other
4903,Temperature ambient,PwrMtrP_kVAR_Avg,kVAR,AC power other
4903,Temperature ambient,PwrMtrP_kVA_Avg,kVA,AC power other
4903,Temperature ambient,PwrMtrP_kW_Avg,kW,AC power
4903,Temperature ambient,PwrMtrPhaseRev_Avg,-,AC power other
4903,Temperature ambient,PwrMtrVaTHDMax_Max,%,AC voltage other
4903,Temperature ambient,PwrMtrVa_Avg,V,AC voltage other
4903,Temperature ambient,PwrMtrVbTHDMax_Max,%,AC voltage other
4903,Temperature ambient,PwrMtrVb_Avg,V,AC voltage other
4903,Temperature ambient,PwrMtrVcTHDMax_Max,%,AC voltage other
4903,Temperature ambient,PwrMtrVc_Avg,V,AC voltage other
4903,Temperature ambient,Pyra1_mV_Avg,mV,Irradiance GHI
4903,Temperature ambient,Pyra2_mV_Avg,mV,Irradiance GHI
4903,Temperature ambient,Pyra3_mV_Avg,mV,Irradiance POA
4903,Temperature ambient,Pyra4_mV_Avg,mV,Irradiance GHI
4903,Temperature ambient,Pyra5_mV_Avg,mV,Irradiance GHI
4903,Temperature ambient,Pyra6_mV_Avg,mV,Irradiance GHI
4903,Temperature ambient,Pyra7_mV_Avg,mV,Irradiance GHI
4903,Temperature ambient,Pyra8_mV_Avg,mV,Irradiance GHI
4903,Temperature ambient,RTD_C_Avg_1,C,Temperature backsheet
4903,Temperature ambient,RTD_C_Avg_2,C,Temperature backsheet
4903,Temperature ambient,RTD_C_Avg_3,C,Temperature backsheet
4903,Temperature ambient,RTD_C_Avg_4,C,Temperature backsheet
4903,Temperature ambient,RTD_C_Avg_5,C,Temperature backsheet
4903,Temperature ambient,RTD_C_Avg_6,C,Temperature backsheet
4903,Temperature ambient,RTD_C_Avg_7,C,Temperature backsheet
4903,Temperature ambient,RefCell1_Wm2_Avg,W/m^2,Irradiance POA
4903,Temperature ambient,RefCell2_Wm2_Avg,W/m^2,Irradiance GHI
4903,Temperature ambient,RefCell3_Wm2_Avg,W/m^2,Irradiance GHI
4903,Temperature ambient,SEWSAmbientTemp_C_Avg,C,Temperature ambient
4903,Temperature ambient,SEWSModuleTemp_C_Avg,C,Temperature module
4903,Temperature ambient,ShuntCurrent_A_Avg_1,A,DC current other
4903,Temperature ambient,ShuntCurrent_A_Avg_2,A,DC current other
4903,Temperature ambient,ShuntCurrent_A_Avg_3,A,DC current other
4903,Temperature ambient,ShuntCurrent_A_Avg_4,A,DC current other
4903,Temperature ambient,ShuntEtot_kWh_Max_1,kWh,DC energy other
4903,Temperature ambient,ShuntEtot_kWh_Max_2,kWh,DC energy other
4903,Temperature ambient,ShuntEtot_kWh_Max_3,kWh,DC energy other
4903,Temperature ambient,ShuntEtot_kWh_Max_4,kWh,DC energy other
4903,Temperature ambient,ShuntPDC_kW_Avg_1,kW,DC power other
4903,Temperature ambient,ShuntPDC_kW_Avg_2,kW,DC power other
4903,Temperature ambient,ShuntPDC_kW_Avg_3,kW,DC power other
4903,Temperature ambient,ShuntPDC_kW_Avg_4,kW,DC power other
4903,Temperature ambient,TCTemps_C_Avg_1,C,Temperature other
4903,Temperature ambient,TCTemps_C_Avg_10,C,Temperature other
4903,Temperature ambient,TCTemps_C_Avg_11,C,Temperature other
4903,Temperature ambient,TCTemps_C_Avg_12,C,Temperature other
4903,Temperature ambient,TCTemps_C_Avg_2,C,Temperature other
4903,Temperature ambient,TCTemps_C_Avg_3,C,Temperature other
4903,Temperature ambient,TCTemps_C_Avg_4,C,Temperature other
4903,Temperature ambient,TCTemps_C_Avg_5,C,Temperature other
4903,Temperature ambient,TCTemps_C_Avg_6,C,Temperature other
4903,Temperature ambient,TCTemps_C_Avg_7,C,Temperature other
4903,Temperature ambient,TCTemps_C_Avg_8,C,Temperature other
4903,Temperature ambient,TCTemps_C_Avg_9,C,Temperature other
4903,Temperature ambient,TemperatureFaults_Max,-,Temperature other
4903,Temperature ambient,WindHeatStateID_Avg,-,AC other
4903,Temperature ambient,WindRef_V_Min,V,AC other
4903,Temperature ambient,WindSpeed_ms_Max,m/s,AC other
4903,Temperature ambient,WindValid_Avg,-,AC other
4903,Temperature ambient,DPCBFaults_Max,-,System other
4903,Temperature ambient,DoorOpen_Min,-,System other
4903,Temperature ambient,GeneralFaults1_Max,-,System other
4903,Temperature ambient,GeneralFaults2_Max,-,System other
4903,Temperature ambient,HardwareFaults_Max,-,System other
4903,Temperature ambient,InvFreq_Avg,Hz,System other
4903,Temperature ambient,InvGndImped_kOhm_Avg,kOhm,System other
4903,Temperature ambient,InvIDCin_Avg,A,System other
4903,Temperature ambient,InvIGnd_Avg,A,System other
4903,Temperature ambient,InvOpState_Avg,-,System other
4903,Temperature ambient,InvVDVoltage_V_Avg,V,System other
4903,Temperature ambient,InvVPVIn_Avg,V,System other
4903,Temperature ambient,InverterFaults_Max,-,System other
4903,Temperature ambient,Load_A_Avg,A,System other
4903,Temperature ambient,NumActiveFaults_Max,-,System other
4903,Temperature ambient,PwrMtrIa_Avg,A,System other
4903,Temperature ambient,PwrMtrIb_Avg,A,System other
4903,Temperature ambient,PwrMtrIc_Avg,A,System other
4903,Temperature ambient,Qloss_Ah_Max,Ah,System other
4903,Temperature ambient,SEWSPOAIrrad_Wm2_Avg,W/m^2,System other
4903,Temperature ambient,Warnings_Max,-,System other
4903,Temperature ambient,WindDirAve_deg,Deg,AC other
4903,Temperature ambient,WindDirStdDev_deg,Deg,AC other
4903,Temperature ambient,WindSpeedAve_ms,m/s,AC other
50,DC power,dc_power,W,DC power
50,DC power,ac_power,W,AC power
50,DC power,dc_power_1,W,DC power
50,DC power,dc_power_2,W,DC power
50,DC power,ac_power_1,W,AC power
50,DC power,ac_power_2,W,AC power
50,DC power,ac_current,A,AC current
50,DC power,ac_volts,V,AC voltage
50,DC power,dc_pos_current,A,DC current
50,DC power,dc_neg_current,A,DC current
50,DC power,das_battery_voltage,V,DC voltage battery
50,DC power,poa_irradiance,W/m^2,Irradiance POA
50,DC power,inverter_temp_2,C,Temperature inverter
50,DC power,ambient_temp,C,Temperature ambient
50,DC power,module_temp_1,C,Temperature module
50,DC power,module_temp_2,C,Temperature module
50,DC power,module_temp_3,C,Temperature module
50,DC power,dc_pos_voltage,V,DC voltage
50,DC power,dc_neg_voltage,V,DC voltage
50,DC power,das_temperature,C,Temperature panel
50,DC power,inveter_temp,C,Temperature inverter
51,DC power,dc_power,W,DC power
51,DC power,ac_power,W,AC power
51,DC power,dc_power_1,W,DC power
51,DC power,dc_power_2,W,DC power
51,DC power,ac_power_1,W,AC power
51,DC power,ac_power_2,W,AC power
51,DC power,ac_current,A,AC current
51,DC power,ac_volts,V,AC voltage
51,DC power,dc_pos_current,A,DC current
51,DC power,dc_neg_current,A,DC current
51,DC power,das_battery_voltage,V,DC voltage battery
51,DC power,poa_irradiance,W/m^2,Irradiance POA
51,DC power,inverter_temp_2,C,Temperature inverter
51,DC power,ambient_temp,C,Temperature ambient
51,DC power,module_temp_1,C,Temperature module
51,DC power,module_temp_2,C,Temperature module
51,DC power,module_temp_3,C,Temperature module
51,DC power,dc_pos_voltage,V,DC voltage
51,DC power,dc_neg_voltage,V,DC voltage
51,DC power,das_temperature,C,Temperature panel
51,DC power,inveter_temp,C,Temperature inverter
